STATION,NAME,LATITUDE,LONGITUDE,ELEVATION,DATE,TAVG,TAVG_ATTRIBUTES,TMAX,TMAX_ATTRIBUTES,TMIN,TMIN_ATTRIBUTES
ARM00087582,"AEROPARQUE JORGE NEWBERY, AR",-34.559,-58.416,5.5,2019-01-01,26.4,"H,,S",,,23,",,S"
ARM00087582,"AEROPARQUE JORGE NEWBERY, AR",-34.559,-58.416,5.5,2019-01-02,26.8,"H,,S",31,",,S",,
ARM00087582,"AEROPARQUE JORGE NEWBERY, AR",-34.559,-58.416,5.5,2019-01-03,21.5,"H,,S",30.1,",,S",18,",,S"
ARM00087582,"AEROPARQUE JORGE NEWBERY, AR",-34.559,-58.416,5.5,2019-01-04,23.3,"H,,S",,,18.1,",,S"
ARM00087582,"AEROPARQUE JORGE NEWBERY, AR",-34.559,-58.416,5.5,2019-01-05,26,"H,,S",,,21.2,",,S"
ARM00087582,"AEROPARQUE JORGE NEWBERY, AR",-34.559,-58.416,5.5,2019-01-06,25.8,"H,,S",29,",,S",,
ARM00087582,"AEROPARQUE JORGE NEWBERY, AR",-34.559,-58.416,5.5,2019-01-07,24.8,"H,,S",28.5,",,S",21.2,",,S"
ARM00087582,"AEROPARQUE JORGE NEWBERY, AR",-34.559,-58.416,5.5,2019-01-08,26.7,"H,,S",,,22,",,S"
ARM00087582,"AEROPARQUE JORGE NEWBERY, AR",-34.559,-58.416,5.5,2019-01-09,27.3,"H,,S",31,",,S",22.3,",,S"
ARM00087582,"AEROPARQUE JORGE NEWBERY, AR",-34.559,-58.416,5.5,2019-01-10,22,"H,,S",30.3,",,S",,
ARM00087582,"AEROPARQUE JORGE NEWBERY, AR",-34.559,-58.416,5.5,2019-01-11,19.4,"H,,S",24,",,S",15,",,S"
ARM00087582,"AEROPARQUE JORGE NEWBERY, AR",-34.559,-58.416,5.5,2019-01-12,23.4,"H,,S",,,20.5,",,S"
ARM00087582,"AEROPARQUE JORGE NEWBERY, AR",-34.559,-58.416,5.5,2019-01-13,23.7,"H,,S",27,",,S",,
ARM00087582,"AEROPARQUE JORGE NEWBERY, AR",-34.559,-58.416,5.5,2019-01-14,24,"H,,S",,,21,",,S"
ARM00087582,"AEROPARQUE JORGE NEWBERY, AR",-34.559,-58.416,5.5,2019-01-15,23.2,"H,,S",27,",,S",,
ARM00087582,"AEROPARQUE JORGE NEWBERY, AR",-34.559,-58.416,5.5,2019-01-16,23.3,"H,,S",,,19.7,",,S"
ARM00087582,"AEROPARQUE JORGE NEWBERY, AR",-34.559,-58.416,5.5,2019-01-17,22.4,"H,,S",28.8,",,S",19,",,S"
ARM00087582,"AEROPARQUE JORGE NEWBERY, AR",-34.559,-58.416,5.5,2019-01-18,18.7,"H,,S",23.2,",,S",13.5,",,S"
ARM00087582,"AEROPARQUE JORGE NEWBERY, AR",-34.559,-58.416,5.5,2019-01-19,21.1,"H,,S",,,16.4,",,S"
ARM00087582,"AEROPARQUE JORGE NEWBERY, AR",-34.559,-58.416,5.5,2019-01-20,22,"H,,S",,,20,",,S"
ARM00087582,"AEROPARQUE JORGE NEWBERY, AR",-34.559,-58.416,5.5,2019-01-21,24.6,"H,,S",,,21,",,S"
ARM00087582,"AEROPARQUE JORGE NEWBERY, AR",-34.559,-58.416,5.5,2019-01-22,26.9,"H,,S",,,22.4,",,S"
ARM00087582,"AEROPARQUE JORGE NEWBERY, AR",-34.559,-58.416,5.5,2019-01-23,26,"H,,S",31,",,S",,
ARM00087582,"AEROPARQUE JORGE NEWBERY, AR",-34.559,-58.416,5.5,2019-01-24,25.6,"H,,S",,,23,",,S"
ARM00087582,"AEROPARQUE JORGE NEWBERY, AR",-34.559,-58.416,5.5,2019-01-25,24.1,"H,,S",30.4,",,S",,
ARM00087582,"AEROPARQUE JORGE NEWBERY, AR",-34.559,-58.416,5.5,2019-01-26,26,"H,,S",,,22.5,",,S"
ARM00087582,"AEROPARQUE JORGE NEWBERY, AR",-34.559,-58.416,5.5,2019-01-27,26.7,"H,,S",29.6,",,S",24.7,",,S"
ARM00087582,"AEROPARQUE JORGE NEWBERY, AR",-34.559,-58.416,5.5,2019-01-28,29.3,"H,,S",,,26,",,S"
ARM00087582,"AEROPARQUE JORGE NEWBERY, AR",-34.559,-58.416,5.5,2019-01-29,29.8,"H,,S",34.5,",,S",,
ARM00087582,"AEROPARQUE JORGE NEWBERY, AR",-34.559,-58.416,5.5,2019-01-30,26.7,"H,,S",34.2,",,S",22.2,",,S"
ARM00087582,"AEROPARQUE JORGE NEWBERY, AR",-34.559,-58.416,5.5,2019-01-31,24.8,"H,,S",31.6,",,S",20,",,S"
ARM00087582,"AEROPARQUE JORGE NEWBERY, AR",-34.559,-58.416,5.5,2019-02-01,27.8,"H,,S",,,22.7,",,S"
ARM00087582,"AEROPARQUE JORGE NEWBERY, AR",-34.559,-58.416,5.5,2019-02-02,24.6,"H,,S",32,",,S",,
ARM00087582,"AEROPARQUE JORGE NEWBERY, AR",-34.559,-58.416,5.5,2019-02-03,20,"H,,S",26,",,S",15,",,S"
ARM00087582,"AEROPARQUE JORGE NEWBERY, AR",-34.559,-58.416,5.5,2019-02-04,21.9,"H,,S",24.2,",,S",19.2,",,S"
ARM00087582,"AEROPARQUE JORGE NEWBERY, AR",-34.559,-58.416,5.5,2019-02-05,23.2,"H,,S",,,19.8,",,S"
ARM00087582,"AEROPARQUE JORGE NEWBERY, AR",-34.559,-58.416,5.5,2019-02-06,24.9,"H,,S",,,22.6,",,S"
ARM00087582,"AEROPARQUE JORGE NEWBERY, AR",-34.559,-58.416,5.5,2019-02-07,26.2,"H,,S",,,23,",,S"
ARM00087582,"AEROPARQUE JORGE NEWBERY, AR",-34.559,-58.416,5.5,2019-02-08,27.6,"H,,S",,,24.5,",,S"
ARM00087582,"AEROPARQUE JORGE NEWBERY, AR",-34.559,-58.416,5.5,2019-02-09,27.7,"H,,S",,,23.6,",,S"
ARM00087582,"AEROPARQUE JORGE NEWBERY, AR",-34.559,-58.416,5.5,2019-02-10,28.6,"H,,S",34.5,",,S",,
ARM00087582,"AEROPARQUE JORGE NEWBERY, AR",-34.559,-58.416,5.5,2019-02-11,24.4,"H,,S",32.2,",,S",,
ARM00087582,"AEROPARQUE JORGE NEWBERY, AR",-34.559,-58.416,5.5,2019-02-12,18.2,"H,,S",26,",,S",13.7,",,S"
ARM00087582,"AEROPARQUE JORGE NEWBERY, AR",-34.559,-58.416,5.5,2019-02-13,20,"H,,S",22.8,",,S",16.1,",,S"
ARM00087582,"AEROPARQUE JORGE NEWBERY, AR",-34.559,-58.416,5.5,2019-02-14,20.7,"H,,S",,,,
ARM00087582,"AEROPARQUE JORGE NEWBERY, AR",-34.559,-58.416,5.5,2019-02-15,22.4,"H,,S",,,17.5,",,S"
ARM00087582,"AEROPARQUE JORGE NEWBERY, AR",-34.559,-58.416,5.5,2019-02-16,23.6,"H,,S",,,19.2,",,S"
ARM00087582,"AEROPARQUE JORGE NEWBERY, AR",-34.559,-58.416,5.5,2019-02-17,25.2,"H,,S",,,19.1,",,S"
ARM00087582,"AEROPARQUE JORGE NEWBERY, AR",-34.559,-58.416,5.5,2019-02-18,26.4,"H,,S",,,23.2,",,S"
ARM00087582,"AEROPARQUE JORGE NEWBERY, AR",-34.559,-58.416,5.5,2019-02-19,28.9,"H,,S",,,24.4,",,S"
ARM00087582,"AEROPARQUE JORGE NEWBERY, AR",-34.559,-58.416,5.5,2019-02-20,30.4,"H,,S",35.5,",,S",26,",,S"
ARM00087582,"AEROPARQUE JORGE NEWBERY, AR",-34.559,-58.416,5.5,2019-02-21,28.4,"H,,S",35,",,S",24.5,",,S"
ARM00087582,"AEROPARQUE JORGE NEWBERY, AR",-34.559,-58.416,5.5,2019-02-22,28.1,"H,,S",31.6,",,S",25.7,",,S"
ARM00087582,"AEROPARQUE JORGE NEWBERY, AR",-34.559,-58.416,5.5,2019-02-23,24.9,"H,,S",29,",,S",,
ARM00087582,"AEROPARQUE JORGE NEWBERY, AR",-34.559,-58.416,5.5,2019-02-24,22.1,"H,,S",25.9,",,S",19,",,S"
ARM00087582,"AEROPARQUE JORGE NEWBERY, AR",-34.559,-58.416,5.5,2019-02-25,19.2,"H,,S",23.2,",,S",15,",,S"
ARM00087582,"AEROPARQUE JORGE NEWBERY, AR",-34.559,-58.416,5.5,2019-02-26,18.1,"H,,S",22.5,",,S",13.5,",,S"
ARM00087582,"AEROPARQUE JORGE NEWBERY, AR",-34.559,-58.416,5.5,2019-02-27,20.4,"H,,S",,,14.8,",,S"
ARM00087582,"AEROPARQUE JORGE NEWBERY, AR",-34.559,-58.416,5.5,2019-02-28,19.9,"H,,S",26.8,",,S",16.5,",,S"
ARM00087582,"AEROPARQUE JORGE NEWBERY, AR",-34.559,-58.416,5.5,2019-03-01,23.4,"H,,S",,,18.5,",,S"
ARM00087582,"AEROPARQUE JORGE NEWBERY, AR",-34.559,-58.416,5.5,2019-03-02,22.8,"H,,S",29.9,",,S",18,",,S"
ARM00087582,"AEROPARQUE JORGE NEWBERY, AR",-34.559,-58.416,5.5,2019-03-03,22.1,"H,,S",,,19,",,S"
ARM00087582,"AEROPARQUE JORGE NEWBERY, AR",-34.559,-58.416,5.5,2019-03-04,22.4,"H,,S",25.6,",,S",19.5,",,S"
ARM00087582,"AEROPARQUE JORGE NEWBERY, AR",-34.559,-58.416,5.5,2019-03-05,22.7,"H,,S",25.6,",,S",20,",,S"
ARM00087582,"AEROPARQUE JORGE NEWBERY, AR",-34.559,-58.416,5.5,2019-03-06,25.2,"H,,S",,,22,",,S"
ARM00087582,"AEROPARQUE JORGE NEWBERY, AR",-34.559,-58.416,5.5,2019-03-07,26.9,"H,,S",,,,
ARM00087582,"AEROPARQUE JORGE NEWBERY, AR",-34.559,-58.416,5.5,2019-03-08,20.2,"H,,S",30.5,",,S",17.5,",,S"
ARM00087582,"AEROPARQUE JORGE NEWBERY, AR",-34.559,-58.416,5.5,2019-03-09,17.1,"H,,S",23,",,S",12.7,",,S"
ARM00087582,"AEROPARQUE JORGE NEWBERY, AR",-34.559,-58.416,5.5,2019-03-10,20.1,"H,,S",,,15.1,",,S"
ARM00087582,"AEROPARQUE JORGE NEWBERY, AR",-34.559,-58.416,5.5,2019-03-11,20.8,"H,,S",,,18.5,",,S"
ARM00087582,"AEROPARQUE JORGE NEWBERY, AR",-34.559,-58.416,5.5,2019-03-12,20.6,"H,,S",23.2,",,S",,
ARM00087582,"AEROPARQUE JORGE NEWBERY, AR",-34.559,-58.416,5.5,2019-03-13,20.3,"H,,S",,,,
ARM00087582,"AEROPARQUE JORGE NEWBERY, AR",-34.559,-58.416,5.5,2019-03-14,20.9,"H,,S",,,,
ARM00087582,"AEROPARQUE JORGE NEWBERY, AR",-34.559,-58.416,5.5,2019-03-15,21.9,"H,,S",26.6,",,S",18.4,",,S"
ARM00087582,"AEROPARQUE JORGE NEWBERY, AR",-34.559,-58.416,5.5,2019-03-16,23.1,"H,,S",,,21.4,",,S"
ARM00087582,"AEROPARQUE JORGE NEWBERY, AR",-34.559,-58.416,5.5,2019-03-17,23.8,"H,,S",,,22,",,S"
ARM00087582,"AEROPARQUE JORGE NEWBERY, AR",-34.559,-58.416,5.5,2019-03-18,24.9,"H,,S",,,20.8,",,S"
ARM00087582,"AEROPARQUE JORGE NEWBERY, AR",-34.559,-58.416,5.5,2019-03-19,18.9,"H,,S",30.1,",,S",16.6,",,S"
ARM00087582,"AEROPARQUE JORGE NEWBERY, AR",-34.559,-58.416,5.5,2019-03-20,17.2,"H,,S",,,13.8,",,S"
ARM00087582,"AEROPARQUE JORGE NEWBERY, AR",-34.559,-58.416,5.5,2019-03-21,16.4,"H,,S",25,",,S",13,",,S"
ARM00087582,"AEROPARQUE JORGE NEWBERY, AR",-34.559,-58.416,5.5,2019-03-22,18.8,"H,,S",,,15.5,",,S"
ARM00087582,"AEROPARQUE JORGE NEWBERY, AR",-34.559,-58.416,5.5,2019-03-23,20.5,"H,,S",,,17,",,S"
ARM00087582,"AEROPARQUE JORGE NEWBERY, AR",-34.559,-58.416,5.5,2019-03-24,19.6,"H,,S",24.5,",,S",17,",,S"
ARM00087582,"AEROPARQUE JORGE NEWBERY, AR",-34.559,-58.416,5.5,2019-03-25,16,"H,,S",21.4,",,S",11.5,",,S"
ARM00087582,"AEROPARQUE JORGE NEWBERY, AR",-34.559,-58.416,5.5,2019-03-26,17.4,"H,,S",,,,
ARM00087582,"AEROPARQUE JORGE NEWBERY, AR",-34.559,-58.416,5.5,2019-03-27,18.6,"H,,S",21.5,",,S",15.5,",,S"
ARM00087582,"AEROPARQUE JORGE NEWBERY, AR",-34.559,-58.416,5.5,2019-03-28,20.1,"H,,S",,,,
ARM00087582,"AEROPARQUE JORGE NEWBERY, AR",-34.559,-58.416,5.5,2019-03-29,21.4,"H,,S",,,19.4,",,S"
ARM00087582,"AEROPARQUE JORGE NEWBERY, AR",-34.559,-58.416,5.5,2019-03-30,23.6,"H,,S",,,20.3,",,S"
ARM00087582,"AEROPARQUE JORGE NEWBERY, AR",-34.559,-58.416,5.5,2019-03-31,23.9,"H,,S",27.6,",,S",,
ARM00087582,"AEROPARQUE JORGE NEWBERY, AR",-34.559,-58.416,5.5,2019-04-01,22.4,"H,,S",27.2,",,S",21,",,S"
ARM00087582,"AEROPARQUE JORGE NEWBERY, AR",-34.559,-58.416,5.5,2019-04-02,25.1,"H,,S",,,,
ARM00087582,"AEROPARQUE JORGE NEWBERY, AR",-34.559,-58.416,5.5,2019-04-03,21.1,"H,,S",32.4,",,S",17.5,",,S"
ARM00087582,"AEROPARQUE JORGE NEWBERY, AR",-34.559,-58.416,5.5,2019-04-04,21.6,"H,,S",,,18.5,",,S"
ARM00087582,"AEROPARQUE JORGE NEWBERY, AR",-34.559,-58.416,5.5,2019-04-05,17.6,"H,,S",28.7,",,S",14,",,S"
ARM00087582,"AEROPARQUE JORGE NEWBERY, AR",-34.559,-58.416,5.5,2019-04-06,18.1,"H,,S",22,",,S",13.9,",,S"
ARM00087582,"AEROPARQUE JORGE NEWBERY, AR",-34.559,-58.416,5.5,2019-04-07,18.9,"H,,S",,,13.5,",,S"
ARM00087582,"AEROPARQUE JORGE NEWBERY, AR",-34.559,-58.416,5.5,2019-04-08,20.2,"H,,S",,,,
ARM00087582,"AEROPARQUE JORGE NEWBERY, AR",-34.559,-58.416,5.5,2019-04-09,22.1,"H,,S",,,19.4,",,S"
ARM00087582,"AEROPARQUE JORGE NEWBERY, AR",-34.559,-58.416,5.5,2019-04-10,22.4,"H,,S",26.2,",,S",19.4,",,S"
ARM00087582,"AEROPARQUE JORGE NEWBERY, AR",-34.559,-58.416,5.5,2019-04-11,18.1,"H,,S",25.5,",,S",,
ARM00087582,"AEROPARQUE JORGE NEWBERY, AR",-34.559,-58.416,5.5,2019-04-12,16.6,"H,,S",20,",,S",12.5,",,S"
ARM00087582,"AEROPARQUE JORGE NEWBERY, AR",-34.559,-58.416,5.5,2019-04-13,19.7,"H,,S",,,14.7,",,S"
ARM00087582,"AEROPARQUE JORGE NEWBERY, AR",-34.559,-58.416,5.5,2019-04-14,21.4,"H,,S",,,16.9,",,S"
ARM00087582,"AEROPARQUE JORGE NEWBERY, AR",-34.559,-58.416,5.5,2019-04-15,19.1,"H,,S",25.4,",,S",17,",,S"
ARM00087582,"AEROPARQUE JORGE NEWBERY, AR",-34.559,-58.416,5.5,2019-04-16,17.9,"H,,S",,,15,",,S"
ARM00087582,"AEROPARQUE JORGE NEWBERY, AR",-34.559,-58.416,5.5,2019-04-17,20.1,"H,,S",,,15.8,",,S"
ARM00087582,"AEROPARQUE JORGE NEWBERY, AR",-34.559,-58.416,5.5,2019-04-18,20.2,"H,,S",,,,
ARM00087582,"AEROPARQUE JORGE NEWBERY, AR",-34.559,-58.416,5.5,2019-04-19,21.6,"H,,S",,,,
ARM00087582,"AEROPARQUE JORGE NEWBERY, AR",-34.559,-58.416,5.5,2019-04-20,20.1,"H,,S",28,",,S",,
ARM00087582,"AEROPARQUE JORGE NEWBERY, AR",-34.559,-58.416,5.5,2019-04-21,16.9,"H,,S",21.4,",,S",13.5,",,S"
ARM00087582,"AEROPARQUE JORGE NEWBERY, AR",-34.559,-58.416,5.5,2019-04-22,16.7,"H,,S",,,14.6,",,S"
ARM00087582,"AEROPARQUE JORGE NEWBERY, AR",-34.559,-58.416,5.5,2019-04-23,16.4,"H,,S",19.4,",,S",14.5,",,S"
ARM00087582,"AEROPARQUE JORGE NEWBERY, AR",-34.559,-58.416,5.5,2019-04-24,17.5,"H,,S",,,15,",,S"
ARM00087582,"AEROPARQUE JORGE NEWBERY, AR",-34.559,-58.416,5.5,2019-04-25,18.7,"H,,S",,,16.8,",,S"
ARM00087582,"AEROPARQUE JORGE NEWBERY, AR",-34.559,-58.416,5.5,2019-04-26,17.9,"H,,S",20.5,",,S",16.4,",,S"
ARM00087582,"AEROPARQUE JORGE NEWBERY, AR",-34.559,-58.416,5.5,2019-04-27,17.9,"H,,S",,,16,",,S"
ARM00087582,"AEROPARQUE JORGE NEWBERY, AR",-34.559,-58.416,5.5,2019-04-28,19.1,"H,,S",,,,
ARM00087582,"AEROPARQUE JORGE NEWBERY, AR",-34.559,-58.416,5.5,2019-04-29,18.8,"H,,S",,,14,",,S"
ARM00087582,"AEROPARQUE JORGE NEWBERY, AR",-34.559,-58.416,5.5,2019-04-30,16.1,"H,,S",23.8,",,S",14,",,S"
ARM00087582,"AEROPARQUE JORGE NEWBERY, AR",-34.559,-58.416,5.5,2019-05-01,16.1,"H,,S",,,13.5,",,S"
ARM00087582,"AEROPARQUE JORGE NEWBERY, AR",-34.559,-58.416,5.5,2019-05-02,18.4,"H,,S",,,14.5,",,S"
ARM00087582,"AEROPARQUE JORGE NEWBERY, AR",-34.559,-58.416,5.5,2019-05-03,21.1,"H,,S",,,16,",,S"
ARM00087582,"AEROPARQUE JORGE NEWBERY, AR",-34.559,-58.416,5.5,2019-05-04,18.8,"H,,S",26.5,",,S",17,",,S"
ARM00087582,"AEROPARQUE JORGE NEWBERY, AR",-34.559,-58.416,5.5,2019-05-05,18.9,"H,,S",21,",,S",18,",,S"
ARM00087582,"AEROPARQUE JORGE NEWBERY, AR",-34.559,-58.416,5.5,2019-05-06,16.9,"H,,S",20.2,",,S",,
ARM00087582,"AEROPARQUE JORGE NEWBERY, AR",-34.559,-58.416,5.5,2019-05-07,15.5,"H,,S",19.3,",,S",13.8,",,S"
ARM00087582,"AEROPARQUE JORGE NEWBERY, AR",-34.559,-58.416,5.5,2019-05-08,16.9,"H,,S",,,14.5,",,S"
ARM00087582,"AEROPARQUE JORGE NEWBERY, AR",-34.559,-58.416,5.5,2019-05-09,17.6,"H,,S",,,15.5,",,S"
ARM00087582,"AEROPARQUE JORGE NEWBERY, AR",-34.559,-58.416,5.5,2019-05-10,16.7,"H,,S",19.6,",,S",,
ARM00087582,"AEROPARQUE JORGE NEWBERY, AR",-34.559,-58.416,5.5,2019-05-11,15.1,"H,,S",,,10.8,",,S"
ARM00087582,"AEROPARQUE JORGE NEWBERY, AR",-34.559,-58.416,5.5,2019-05-12,16.4,"H,,S",,,11.6,",,S"
ARM00087582,"AEROPARQUE JORGE NEWBERY, AR",-34.559,-58.416,5.5,2019-05-13,17.8,"H,,S",,,13.5,",,S"
ARM00087582,"AEROPARQUE JORGE NEWBERY, AR",-34.559,-58.416,5.5,2019-05-14,13.5,"H,,S",23.2,",,S",,
ARM00087582,"AEROPARQUE JORGE NEWBERY, AR",-34.559,-58.416,5.5,2019-05-15,16.2,"H,,S",,,12.2,",,S"
ARM00087582,"AEROPARQUE JORGE NEWBERY, AR",-34.559,-58.416,5.5,2019-05-16,17.7,"H,,S",,,14.3,",,S"
ARM00087582,"AEROPARQUE JORGE NEWBERY, AR",-34.559,-58.416,5.5,2019-05-17,19.1,"H,,S",21.9,",,S",16.2,",,S"
ARM00087582,"AEROPARQUE JORGE NEWBERY, AR",-34.559,-58.416,5.5,2019-05-18,19.6,"H,,S",,,17,",,S"
ARM00087582,"AEROPARQUE JORGE NEWBERY, AR",-34.559,-58.416,5.5,2019-05-19,15.8,"H,,S",23.5,",,S",13.3,",,S"
ARM00087582,"AEROPARQUE JORGE NEWBERY, AR",-34.559,-58.416,5.5,2019-05-20,15.2,"H,,S",,,13.3,",,S"
ARM00087582,"AEROPARQUE JORGE NEWBERY, AR",-34.559,-58.416,5.5,2019-05-21,14.9,"H,,S",17.2,",,S",12.7,",,S"
ARM00087582,"AEROPARQUE JORGE NEWBERY, AR",-34.559,-58.416,5.5,2019-05-22,13.4,"H,,S",,,10.4,",,S"
ARM00087582,"AEROPARQUE JORGE NEWBERY, AR",-34.559,-58.416,5.5,2019-05-23,13.1,"H,,S",,,9.6,",,S"
ARM00087582,"AEROPARQUE JORGE NEWBERY, AR",-34.559,-58.416,5.5,2019-05-24,13.9,"H,,S",,,8.8,",,S"
ARM00087582,"AEROPARQUE JORGE NEWBERY, AR",-34.559,-58.416,5.5,2019-05-25,14.2,"H,,S",20.2,",,S",10.3,",,S"
ARM00087582,"AEROPARQUE JORGE NEWBERY, AR",-34.559,-58.416,5.5,2019-05-26,15.4,"H,,S",18.4,",,S",12.8,",,S"
ARM00087582,"AEROPARQUE JORGE NEWBERY, AR",-34.559,-58.416,5.5,2019-05-27,15.7,"H,,S",,,,
ARM00087582,"AEROPARQUE JORGE NEWBERY, AR",-34.559,-58.416,5.5,2019-05-28,14.6,"H,,S",19,",,S",11.6,",,S"
ARM00087582,"AEROPARQUE JORGE NEWBERY, AR",-34.559,-58.416,5.5,2019-05-29,12.2,"H,,S",16.8,",,S",9.3,",,S"
ARM00087582,"AEROPARQUE JORGE NEWBERY, AR",-34.559,-58.416,5.5,2019-05-30,12.4,"H,,S",,,10.5,",,S"
ARM00087582,"AEROPARQUE JORGE NEWBERY, AR",-34.559,-58.416,5.5,2019-05-31,13.2,"H,,S",,,11.3,",,S"
ARM00087582,"AEROPARQUE JORGE NEWBERY, AR",-34.559,-58.416,5.5,2019-06-01,15.2,"H,,S",,,11.7,",,S"
ARM00087582,"AEROPARQUE JORGE NEWBERY, AR",-34.559,-58.416,5.5,2019-06-02,15.4,"H,,S",,,,
ARM00087582,"AEROPARQUE JORGE NEWBERY, AR",-34.559,-58.416,5.5,2019-06-03,15.5,"H,,S",20,",,S",12.4,",,S"
ARM00087582,"AEROPARQUE JORGE NEWBERY, AR",-34.559,-58.416,5.5,2019-06-04,15.4,"H,,S",20.5,",,S",13.4,",,S"
ARM00087582,"AEROPARQUE JORGE NEWBERY, AR",-34.559,-58.416,5.5,2019-06-05,15.8,"H,,S",18.5,",,S",13.3,",,S"
ARM00087582,"AEROPARQUE JORGE NEWBERY, AR",-34.559,-58.416,5.5,2019-06-06,16.7,"H,,S",,,14,",,S"
ARM00087582,"AEROPARQUE JORGE NEWBERY, AR",-34.559,-58.416,5.5,2019-06-07,15.9,"H,,S",19.4,",,S",13.1,",,S"
ARM00087582,"AEROPARQUE JORGE NEWBERY, AR",-34.559,-58.416,5.5,2019-06-08,13.9,"H,,S",,,9.8,",,S"
ARM00087582,"AEROPARQUE JORGE NEWBERY, AR",-34.559,-58.416,5.5,2019-06-09,13.9,"H,,S",19.8,",,S",9.3,",,S"
ARM00087582,"AEROPARQUE JORGE NEWBERY, AR",-34.559,-58.416,5.5,2019-06-10,17.1,"H,,S",18,",,S",12.8,",,S"
ARM00087582,"AEROPARQUE JORGE NEWBERY, AR",-34.559,-58.416,5.5,2019-06-11,15.1,"H,,S",17.9,",,S",13,",,S"
ARM00087582,"AEROPARQUE JORGE NEWBERY, AR",-34.559,-58.416,5.5,2019-06-12,18.4,"H,,S",,,14.3,",,S"
ARM00087582,"AEROPARQUE JORGE NEWBERY, AR",-34.559,-58.416,5.5,2019-06-13,17.6,"H,,S",22.5,",,S",,
ARM00087582,"AEROPARQUE JORGE NEWBERY, AR",-34.559,-58.416,5.5,2019-06-14,16.1,"H,,S",19.7,",,S",,
ARM00087582,"AEROPARQUE JORGE NEWBERY, AR",-34.559,-58.416,5.5,2019-06-15,12.9,"H,,S",16,",,S",11.3,",,S"
ARM00087582,"AEROPARQUE JORGE NEWBERY, AR",-34.559,-58.416,5.5,2019-06-16,15.7,"H,,S",,,11.5,",,S"
ARM00087582,"AEROPARQUE JORGE NEWBERY, AR",-34.559,-58.416,5.5,2019-06-17,15.9,"H,,S",17,",,S",,
ARM00087582,"AEROPARQUE JORGE NEWBERY, AR",-34.559,-58.416,5.5,2019-06-18,12.5,"H,,S",16.8,",,S",,
ARM00087582,"AEROPARQUE JORGE NEWBERY, AR",-34.559,-58.416,5.5,2019-06-19,13.5,"H,,S",,,11.1,",,S"
ARM00087582,"AEROPARQUE JORGE NEWBERY, AR",-34.559,-58.416,5.5,2019-06-20,12.1,"H,,S",17.3,",,S",7.3,",,S"
ARM00087582,"AEROPARQUE JORGE NEWBERY, AR",-34.559,-58.416,5.5,2019-06-21,14.1,"H,,S",,,9.3,",,S"
ARM00087582,"AEROPARQUE JORGE NEWBERY, AR",-34.559,-58.416,5.5,2019-06-22,16.2,"H,,S",,,13.1,",,S"
ARM00087582,"AEROPARQUE JORGE NEWBERY, AR",-34.559,-58.416,5.5,2019-06-23,17.8,"H,,S",,,15,",,S"
ARM00087582,"AEROPARQUE JORGE NEWBERY, AR",-34.559,-58.416,5.5,2019-06-24,14.4,"H,,S",21.5,",,S",11.1,",,S"
ARM00087582,"AEROPARQUE JORGE NEWBERY, AR",-34.559,-58.416,5.5,2019-06-25,11.8,"H,,S",,,,
ARM00087582,"AEROPARQUE JORGE NEWBERY, AR",-34.559,-58.416,5.5,2019-06-26,9.3,"H,,S",,,5.7,",,S"
ARM00087582,"AEROPARQUE JORGE NEWBERY, AR",-34.559,-58.416,5.5,2019-06-27,10.8,"H,,S",14.1,",,S",7.4,",,S"
ARM00087582,"AEROPARQUE JORGE NEWBERY, AR",-34.559,-58.416,5.5,2019-06-28,13.3,"H,,S",14.9,",,S",7.7,",,S"
ARM00087582,"AEROPARQUE JORGE NEWBERY, AR",-34.559,-58.416,5.5,2019-06-29,13.4,"H,,S",14.6,",,S",12.8,",,S"
ARM00087582,"AEROPARQUE JORGE NEWBERY, AR",-34.559,-58.416,5.5,2019-06-30,10.4,"H,,S",14,",,S",9,",,S"
ARM00087582,"AEROPARQUE JORGE NEWBERY, AR",-34.559,-58.416,5.5,2019-07-01,8.4,"H,,S",,,4.6,",,S"
ARM00087582,"AEROPARQUE JORGE NEWBERY, AR",-34.559,-58.416,5.5,2019-07-02,10.8,"H,,S",,,4.8,",,S"
ARM00087582,"AEROPARQUE JORGE NEWBERY, AR",-34.559,-58.416,5.5,2019-07-03,8.6,"H,,S",15.1,",,S",5,",,S"
ARM00087582,"AEROPARQUE JORGE NEWBERY, AR",-34.559,-58.416,5.5,2019-07-04,7.4,"H,,S",11.5,",,S",5,",,S"
ARM00087582,"AEROPARQUE JORGE NEWBERY, AR",-34.559,-58.416,5.5,2019-07-05,5.9,"H,,S",10,",,S",,
ARM00087582,"AEROPARQUE JORGE NEWBERY, AR",-34.559,-58.416,5.5,2019-07-06,7,"H,,S",,,2.5,",,S"
ARM00087582,"AEROPARQUE JORGE NEWBERY, AR",-34.559,-58.416,5.5,2019-07-07,8.1,"H,,S",,,4.2,",,S"
ARM00087582,"AEROPARQUE JORGE NEWBERY, AR",-34.559,-58.416,5.5,2019-07-08,10.1,"H,,S",12,",,S",5.3,",,S"
ARM00087582,"AEROPARQUE JORGE NEWBERY, AR",-34.559,-58.416,5.5,2019-07-09,12.1,"H,,S",,,8.1,",,S"
ARM00087582,"AEROPARQUE JORGE NEWBERY, AR",-34.559,-58.416,5.5,2019-07-10,12.9,"H,,S",,,10.8,",,S"
ARM00087582,"AEROPARQUE JORGE NEWBERY, AR",-34.559,-58.416,5.5,2019-07-11,12.7,"H,,S",,,9.8,",,S"
ARM00087582,"AEROPARQUE JORGE NEWBERY, AR",-34.559,-58.416,5.5,2019-07-12,14.6,"H,,S",,,10.9,",,S"
ARM00087582,"AEROPARQUE JORGE NEWBERY, AR",-34.559,-58.416,5.5,2019-07-13,10.1,"H,,S",17.1,",,S",6.8,",,S"
ARM00087582,"AEROPARQUE JORGE NEWBERY, AR",-34.559,-58.416,5.5,2019-07-14,9.4,"H,,S",12.5,",,S",6,",,S"
ARM00087582,"AEROPARQUE JORGE NEWBERY, AR",-34.559,-58.416,5.5,2019-07-15,12.6,"H,,S",,,8.2,",,S"
ARM00087582,"AEROPARQUE JORGE NEWBERY, AR",-34.559,-58.416,5.5,2019-07-16,10.9,"H,,S",,,6.6,",,S"
ARM00087582,"AEROPARQUE JORGE NEWBERY, AR",-34.559,-58.416,5.5,2019-07-17,12.6,"H,,S",,,9.7,",,S"
ARM00087582,"AEROPARQUE JORGE NEWBERY, AR",-34.559,-58.416,5.5,2019-07-18,13.1,"H,,S",15.6,",,S",11,",,S"
ARM00087582,"AEROPARQUE JORGE NEWBERY, AR",-34.559,-58.416,5.5,2019-07-19,13.6,"H,,S",,,10.9,",,S"
ARM00087582,"AEROPARQUE JORGE NEWBERY, AR",-34.559,-58.416,5.5,2019-07-20,15.1,"H,,S",,,11.9,",,S"
ARM00087582,"AEROPARQUE JORGE NEWBERY, AR",-34.559,-58.416,5.5,2019-07-21,19.5,"H,,S",,,13.6,",,S"
ARM00087582,"AEROPARQUE JORGE NEWBERY, AR",-34.559,-58.416,5.5,2019-07-22,13.1,"H,,S",26,",,S",10.4,",,S"
ARM00087582,"AEROPARQUE JORGE NEWBERY, AR",-34.559,-58.416,5.5,2019-07-23,11.2,"H,,S",15.6,",,S",9.5,",,S"
ARM00087582,"AEROPARQUE JORGE NEWBERY, AR",-34.559,-58.416,5.5,2019-07-24,10.2,"H,,S",,,7.3,",,S"
ARM00087582,"AEROPARQUE JORGE NEWBERY, AR",-34.559,-58.416,5.5,2019-07-25,10.6,"H,,S",13.5,",,S",8.3,",,S"
ARM00087582,"AEROPARQUE JORGE NEWBERY, AR",-34.559,-58.416,5.5,2019-07-26,12.4,"H,,S",,,10.3,",,S"
ARM00087582,"AEROPARQUE JORGE NEWBERY, AR",-34.559,-58.416,5.5,2019-07-27,12.4,"H,,S",,,8.3,",,S"
ARM00087582,"AEROPARQUE JORGE NEWBERY, AR",-34.559,-58.416,5.5,2019-07-28,12.1,"H,,S",,,9.2,",,S"
ARM00087582,"AEROPARQUE JORGE NEWBERY, AR",-34.559,-58.416,5.5,2019-07-29,12.5,"H,,S",14.8,",,S",11.2,",,S"
ARM00087582,"AEROPARQUE JORGE NEWBERY, AR",-34.559,-58.416,5.5,2019-07-30,12.1,"H,,S",,,9,",,S"
ARM00087582,"AEROPARQUE JORGE NEWBERY, AR",-34.559,-58.416,5.5,2019-07-31,14.1,"H,,S",,,9.5,",,S"
ARM00087582,"AEROPARQUE JORGE NEWBERY, AR",-34.559,-58.416,5.5,2019-08-01,14.6,"H,,S",20,",,S",11.2,",,S"
ARM00087582,"AEROPARQUE JORGE NEWBERY, AR",-34.559,-58.416,5.5,2019-08-02,11.5,"H,,S",16.9,",,S",7.8,",,S"
ARM00087582,"AEROPARQUE JORGE NEWBERY, AR",-34.559,-58.416,5.5,2019-08-03,11.7,"H,,S",,,7.2,",,S"
ARM00087582,"AEROPARQUE JORGE NEWBERY, AR",-34.559,-58.416,5.5,2019-08-04,11.7,"H,,S",16.3,",,S",7.3,",,S"
ARM00087582,"AEROPARQUE JORGE NEWBERY, AR",-34.559,-58.416,5.5,2019-08-05,12.7,"H,,S",16.5,",,S",8.3,",,S"
ARM00087582,"AEROPARQUE JORGE NEWBERY, AR",-34.559,-58.416,5.5,2019-08-06,14.7,"H,,S",,,9.3,",,S"
ARM00087582,"AEROPARQUE JORGE NEWBERY, AR",-34.559,-58.416,5.5,2019-08-07,13.8,"H,,S",20.4,",,S",11.5,",,S"
ARM00087582,"AEROPARQUE JORGE NEWBERY, AR",-34.559,-58.416,5.5,2019-08-08,11.8,"H,,S",14.8,",,S",10.9,",,S"
ARM00087582,"AEROPARQUE JORGE NEWBERY, AR",-34.559,-58.416,5.5,2019-08-09,9.4,"H,,S",14.5,",,S",7.8,",,S"
ARM00087582,"AEROPARQUE JORGE NEWBERY, AR",-34.559,-58.416,5.5,2019-08-10,10.6,"H,,S",,,5.6,",,S"
ARM00087582,"AEROPARQUE JORGE NEWBERY, AR",-34.559,-58.416,5.5,2019-08-11,11.7,"H,,S",16.5,",,S",7.7,",,S"
ARM00087582,"AEROPARQUE JORGE NEWBERY, AR",-34.559,-58.416,5.5,2019-08-12,11.9,"H,,S",16,",,S",7.8,",,S"
ARM00087582,"AEROPARQUE JORGE NEWBERY, AR",-34.559,-58.416,5.5,2019-08-13,7.1,"H,,S",12.9,",,S",2.6,",,S"
ARM00087582,"AEROPARQUE JORGE NEWBERY, AR",-34.559,-58.416,5.5,2019-08-14,7.3,"H,,S",,,2.5,",,S"
ARM00087582,"AEROPARQUE JORGE NEWBERY, AR",-34.559,-58.416,5.5,2019-08-15,10.7,"H,,S",,,5.7,",,S"
ARM00087582,"AEROPARQUE JORGE NEWBERY, AR",-34.559,-58.416,5.5,2019-08-16,13.5,"H,,S",,,9.8,",,S"
ARM00087582,"AEROPARQUE JORGE NEWBERY, AR",-34.559,-58.416,5.5,2019-08-17,14.8,"H,,S",,,,
ARM00087582,"AEROPARQUE JORGE NEWBERY, AR",-34.559,-58.416,5.5,2019-08-18,10.3,"H,,S",17,",,S",7.3,",,S"
ARM00087582,"AEROPARQUE JORGE NEWBERY, AR",-34.559,-58.416,5.5,2019-08-19,6.4,"H,,S",12,",,S",3.8,",,S"
ARM00087582,"AEROPARQUE JORGE NEWBERY, AR",-34.559,-58.416,5.5,2019-08-20,7.8,"H,,S",,,4.7,",,S"
ARM00087582,"AEROPARQUE JORGE NEWBERY, AR",-34.559,-58.416,5.5,2019-08-21,9.1,"H,,S",,,6.7,",,S"
ARM00087582,"AEROPARQUE JORGE NEWBERY, AR",-34.559,-58.416,5.5,2019-08-22,10.6,"H,,S",,,8.8,",,S"
ARM00087582,"AEROPARQUE JORGE NEWBERY, AR",-34.559,-58.416,5.5,2019-08-23,11.3,"H,,S",,,7.5,",,S"
ARM00087582,"AEROPARQUE JORGE NEWBERY, AR",-34.559,-58.416,5.5,2019-08-24,13.5,"H,,S",,,11,",,S"
ARM00087582,"AEROPARQUE JORGE NEWBERY, AR",-34.559,-58.416,5.5,2019-08-25,13.9,"H,,S",16.5,",,S",11.9,",,S"
ARM00087582,"AEROPARQUE JORGE NEWBERY, AR",-34.559,-58.416,5.5,2019-08-26,15.9,"H,,S",,,13,",,S"
ARM00087582,"AEROPARQUE JORGE NEWBERY, AR",-34.559,-58.416,5.5,2019-08-27,16.7,"H,,S",,,13.8,",,S"
ARM00087582,"AEROPARQUE JORGE NEWBERY, AR",-34.559,-58.416,5.5,2019-08-28,18.4,"H,,S",,,15.3,",,S"
ARM00087582,"AEROPARQUE JORGE NEWBERY, AR",-34.559,-58.416,5.5,2019-08-29,20.1,"H,,S",,,16.3,",,S"
ARM00087582,"AEROPARQUE JORGE NEWBERY, AR",-34.559,-58.416,5.5,2019-08-30,14.6,"H,,S",22.7,",,S",12.8,",,S"
ARM00087582,"AEROPARQUE JORGE NEWBERY, AR",-34.559,-58.416,5.5,2019-08-31,13.9,"H,,S",,,10,",,S"
ARM00087582,"AEROPARQUE JORGE NEWBERY, AR",-34.559,-58.416,5.5,2019-09-01,12.1,"H,,S",19.6,",,S",7.3,",,S"
ARM00087582,"AEROPARQUE JORGE NEWBERY, AR",-34.559,-58.416,5.5,2019-09-02,11,"H,,S",,,7.6,",,S"
ARM00087582,"AEROPARQUE JORGE NEWBERY, AR",-34.559,-58.416,5.5,2019-09-03,8.5,"H,,S",16.5,",,S",4,",,S"
ARM00087582,"AEROPARQUE JORGE NEWBERY, AR",-34.559,-58.416,5.5,2019-09-04,8.9,"H,,S",,,4.8,",,S"
ARM00087582,"AEROPARQUE JORGE NEWBERY, AR",-34.559,-58.416,5.5,2019-09-05,9.3,"H,,S",12.6,",,S",5.6,",,S"
ARM00087582,"AEROPARQUE JORGE NEWBERY, AR",-34.559,-58.416,5.5,2019-09-06,11.4,"H,,S",,,8.6,",,S"
ARM00087582,"AEROPARQUE JORGE NEWBERY, AR",-34.559,-58.416,5.5,2019-09-07,14.6,"H,,S",,,10.9,",,S"
ARM00087582,"AEROPARQUE JORGE NEWBERY, AR",-34.559,-58.416,5.5,2019-09-08,13.9,"H,,S",18.9,",,S",11.8,",,S"
ARM00087582,"AEROPARQUE JORGE NEWBERY, AR",-34.559,-58.416,5.5,2019-09-09,13.3,"H,,S",16.7,",,S",12.2,",,S"
ARM00087582,"AEROPARQUE JORGE NEWBERY, AR",-34.559,-58.416,5.5,2019-09-10,13.2,"H,,S",,,11.3,",,S"
ARM00087582,"AEROPARQUE JORGE NEWBERY, AR",-34.559,-58.416,5.5,2019-09-11,13,"H,,S",16.2,",,S",11,",,S"
ARM00087582,"AEROPARQUE JORGE NEWBERY, AR",-34.559,-58.416,5.5,2019-09-12,12.7,"H,,S",,,8.4,",,S"
ARM00087582,"AEROPARQUE JORGE NEWBERY, AR",-34.559,-58.416,5.5,2019-09-13,13.4,"H,,S",15.8,",,S",10,",,S"
ARM00087582,"AEROPARQUE JORGE NEWBERY, AR",-34.559,-58.416,5.5,2019-09-14,14.6,"H,,S",,,12.2,",,S"
ARM00087582,"AEROPARQUE JORGE NEWBERY, AR",-34.559,-58.416,5.5,2019-09-15,15.6,"H,,S",,,13.4,",,S"
ARM00087582,"AEROPARQUE JORGE NEWBERY, AR",-34.559,-58.416,5.5,2019-09-16,15.7,"H,,S",,,12.3,",,S"
ARM00087582,"AEROPARQUE JORGE NEWBERY, AR",-34.559,-58.416,5.5,2019-09-17,16.1,"H,,S",,,,
ARM00087582,"AEROPARQUE JORGE NEWBERY, AR",-34.559,-58.416,5.5,2019-09-18,15.9,"H,,S",23.7,",,S",13.2,",,S"
ARM00087582,"AEROPARQUE JORGE NEWBERY, AR",-34.559,-58.416,5.5,2019-09-19,16.4,"H,,S",,,,
ARM00087582,"AEROPARQUE JORGE NEWBERY, AR",-34.559,-58.416,5.5,2019-09-20,14.4,"H,,S",,,7.3,",,S"
ARM00087582,"AEROPARQUE JORGE NEWBERY, AR",-34.559,-58.416,5.5,2019-09-21,17.1,"H,,S",,,10.3,",,S"
ARM00087582,"AEROPARQUE JORGE NEWBERY, AR",-34.559,-58.416,5.5,2019-09-22,13.8,"H,,S",24.4,",,S",9.3,",,S"
ARM00087582,"AEROPARQUE JORGE NEWBERY, AR",-34.559,-58.416,5.5,2019-09-23,14.2,"H,,S",,,10.9,",,S"
ARM00087582,"AEROPARQUE JORGE NEWBERY, AR",-34.559,-58.416,5.5,2019-09-24,16.7,"H,,S",,,11.4,",,S"
ARM00087582,"AEROPARQUE JORGE NEWBERY, AR",-34.559,-58.416,5.5,2019-09-25,21.6,"H,,S",,,,
ARM00087582,"AEROPARQUE JORGE NEWBERY, AR",-34.559,-58.416,5.5,2019-09-26,18.6,"H,,S",30.7,",,S",,
ARM00087582,"AEROPARQUE JORGE NEWBERY, AR",-34.559,-58.416,5.5,2019-09-27,15.4,"H,,S",22.5,",,S",13.4,",,S"
ARM00087582,"AEROPARQUE JORGE NEWBERY, AR",-34.559,-58.416,5.5,2019-09-28,16.5,"H,,S",,,13.3,",,S"
ARM00087582,"AEROPARQUE JORGE NEWBERY, AR",-34.559,-58.416,5.5,2019-09-29,18.9,"H,,S",,,13.8,",,S"
ARM00087582,"AEROPARQUE JORGE NEWBERY, AR",-34.559,-58.416,5.5,2019-09-30,20.8,"H,,S",,,16.9,",,S"
ARM00087582,"AEROPARQUE JORGE NEWBERY, AR",-34.559,-58.416,5.5,2019-10-01,15,"H,,S",24.2,",,S",11.9,",,S"
ARM00087582,"AEROPARQUE JORGE NEWBERY, AR",-34.559,-58.416,5.5,2019-10-02,13.8,"H,,S",,,10.3,",,S"
ARM00087582,"AEROPARQUE JORGE NEWBERY, AR",-34.559,-58.416,5.5,2019-10-03,11.4,"H,,S",17,",,S",7.8,",,S"
ARM00087582,"AEROPARQUE JORGE NEWBERY, AR",-34.559,-58.416,5.5,2019-10-04,13.7,"H,,S",,,9.7,",,S"
ARM00087582,"AEROPARQUE JORGE NEWBERY, AR",-34.559,-58.416,5.5,2019-10-05,14.8,"H,,S",,,10.8,",,S"
ARM00087582,"AEROPARQUE JORGE NEWBERY, AR",-34.559,-58.416,5.5,2019-10-06,15.6,"H,,S",,,,
ARM00087582,"AEROPARQUE JORGE NEWBERY, AR",-34.559,-58.416,5.5,2019-10-07,18.9,"H,,S",,,12.9,",,S"
ARM00087582,"AEROPARQUE JORGE NEWBERY, AR",-34.559,-58.416,5.5,2019-10-08,20.7,"H,,S",,,14.3,",,S"
ARM00087582,"AEROPARQUE JORGE NEWBERY, AR",-34.559,-58.416,5.5,2019-10-09,20.1,"H,,S",26.5,",,S",15,",,S"
ARM00087582,"AEROPARQUE JORGE NEWBERY, AR",-34.559,-58.416,5.5,2019-10-10,20.9,"H,,S",,,17.4,",,S"
ARM00087582,"AEROPARQUE JORGE NEWBERY, AR",-34.559,-58.416,5.5,2019-10-11,20.3,"H,,S",25.6,",,S",18.3,",,S"
ARM00087582,"AEROPARQUE JORGE NEWBERY, AR",-34.559,-58.416,5.5,2019-10-12,18.9,"H,,S",21.9,",,S",16.6,",,S"
ARM00087582,"AEROPARQUE JORGE NEWBERY, AR",-34.559,-58.416,5.5,2019-10-13,18.1,"H,,S",20.3,",,S",,
ARM00087582,"AEROPARQUE JORGE NEWBERY, AR",-34.559,-58.416,5.5,2019-10-14,11.1,"H,,S",18.9,",,S",8.8,",,S"
ARM00087582,"AEROPARQUE JORGE NEWBERY, AR",-34.559,-58.416,5.5,2019-10-15,11.8,"H,,S",,,9.6,",,S"
ARM00087582,"AEROPARQUE JORGE NEWBERY, AR",-34.559,-58.416,5.5,2019-10-16,14.2,"H,,S",,,11.8,",,S"
ARM00087582,"AEROPARQUE JORGE NEWBERY, AR",-34.559,-58.416,5.5,2019-10-17,16.6,"H,,S",,,13,",,S"
ARM00087582,"AEROPARQUE JORGE NEWBERY, AR",-34.559,-58.416,5.5,2019-10-18,18.8,"H,,S",,,13.7,",,S"
ARM00087582,"AEROPARQUE JORGE NEWBERY, AR",-34.559,-58.416,5.5,2019-10-19,18.1,"H,,S",24,",,S",12.8,",,S"
ARM00087582,"AEROPARQUE JORGE NEWBERY, AR",-34.559,-58.416,5.5,2019-10-20,15.2,"H,,S",20.5,",,S",13.8,",,S"
ARM00087582,"AEROPARQUE JORGE NEWBERY, AR",-34.559,-58.416,5.5,2019-10-21,15.3,"H,,S",,,13.4,",,S"
ARM00087582,"AEROPARQUE JORGE NEWBERY, AR",-34.559,-58.416,5.5,2019-10-22,17.4,"H,,S",,,12.4,",,S"
ARM00087582,"AEROPARQUE JORGE NEWBERY, AR",-34.559,-58.416,5.5,2019-10-23,17.4,"H,,S",22.5,",,S",12.7,",,S"
ARM00087582,"AEROPARQUE JORGE NEWBERY, AR",-34.559,-58.416,5.5,2019-10-24,19.1,"H,,S",,,12.6,",,S"
ARM00087582,"AEROPARQUE JORGE NEWBERY, AR",-34.559,-58.416,5.5,2019-10-25,22.7,"H,,S",,,16.8,",,S"
ARM00087582,"AEROPARQUE JORGE NEWBERY, AR",-34.559,-58.416,5.5,2019-10-26,22.9,"H,,S",29.5,",,S",18.1,",,S"
ARM00087582,"AEROPARQUE JORGE NEWBERY, AR",-34.559,-58.416,5.5,2019-10-27,22.4,"H,,S",28.6,",,S",19.8,",,S"
ARM00087582,"AEROPARQUE JORGE NEWBERY, AR",-34.559,-58.416,5.5,2019-10-28,20.5,"H,,S",26,",,S",,
ARM00087582,"AEROPARQUE JORGE NEWBERY, AR",-34.559,-58.416,5.5,2019-10-29,16.5,"H,,S",23,",,S",13.8,",,S"
ARM00087582,"AEROPARQUE JORGE NEWBERY, AR",-34.559,-58.416,5.5,2019-10-30,18.4,"H,,S",,,14,",,S"
ARM00087582,"AEROPARQUE JORGE NEWBERY, AR",-34.559,-58.416,5.5,2019-10-31,18.5,"H,,S",22.5,",,S",14.8,",,S"
ARM00087582,"AEROPARQUE JORGE NEWBERY, AR",-34.559,-58.416,5.5,2019-11-01,19.2,"H,,S",22.1,",,S",16.8,",,S"
ARM00087582,"AEROPARQUE JORGE NEWBERY, AR",-34.559,-58.416,5.5,2019-11-02,23.3,"H,,S",,,18,",,S"
ARM00087582,"AEROPARQUE JORGE NEWBERY, AR",-34.559,-58.416,5.5,2019-11-03,18.6,"H,,S",27.8,",,S",12.2,",,S"
ARM00087582,"AEROPARQUE JORGE NEWBERY, AR",-34.559,-58.416,5.5,2019-11-04,20.7,"H,,S",,,16.3,",,S"
ARM00087582,"AEROPARQUE JORGE NEWBERY, AR",-34.559,-58.416,5.5,2019-11-05,19.8,"H,,S",,,14.3,",,S"
ARM00087582,"AEROPARQUE JORGE NEWBERY, AR",-34.559,-58.416,5.5,2019-11-06,21.7,"H,,S",,,17.8,",,S"
ARM00087582,"AEROPARQUE JORGE NEWBERY, AR",-34.559,-58.416,5.5,2019-11-07,22.2,"H,,S",,,18.2,",,S"
ARM00087582,"AEROPARQUE JORGE NEWBERY, AR",-34.559,-58.416,5.5,2019-11-08,18.8,"H,,S",31,",,S",15.2,",,S"
ARM00087582,"AEROPARQUE JORGE NEWBERY, AR",-34.559,-58.416,5.5,2019-11-09,20.3,"H,,S",,,13.8,",,S"
ARM00087582,"AEROPARQUE JORGE NEWBERY, AR",-34.559,-58.416,5.5,2019-11-10,19.9,"H,,S",23.4,",,S",17.5,",,S"
ARM00087582,"AEROPARQUE JORGE NEWBERY, AR",-34.559,-58.416,5.5,2019-11-11,20.3,"H,,S",,,17.8,",,S"
ARM00087582,"AEROPARQUE JORGE NEWBERY, AR",-34.559,-58.416,5.5,2019-11-12,21.5,"H,,S",,,18.8,",,S"
ARM00087582,"AEROPARQUE JORGE NEWBERY, AR",-34.559,-58.416,5.5,2019-11-13,24,"H,,S",,,19.3,",,S"
ARM00087582,"AEROPARQUE JORGE NEWBERY, AR",-34.559,-58.416,5.5,2019-11-14,25.1,"H,,S",,,20.3,",,S"
ARM00087582,"AEROPARQUE JORGE NEWBERY, AR",-34.559,-58.416,5.5,2019-11-15,23.2,"H,,S",30.2,",,S",19.8,",,S"
ARM00087582,"AEROPARQUE JORGE NEWBERY, AR",-34.559,-58.416,5.5,2019-11-16,22,"H,,S",26,",,S",18.2,",,S"
ARM00087582,"AEROPARQUE JORGE NEWBERY, AR",-34.559,-58.416,5.5,2019-11-17,23.7,"H,,S",,,18.4,",,S"
ARM00087582,"AEROPARQUE JORGE NEWBERY, AR",-34.559,-58.416,5.5,2019-11-18,25.5,"H,,S",,,21.8,",,S"
ARM00087582,"AEROPARQUE JORGE NEWBERY, AR",-34.559,-58.416,5.5,2019-11-19,24.4,"H,,S",30.1,",,S",20.4,",,S"
ARM00087582,"AEROPARQUE JORGE NEWBERY, AR",-34.559,-58.416,5.5,2019-11-20,26.9,"H,,S",,,23.6,",,S"
ARM00087582,"AEROPARQUE JORGE NEWBERY, AR",-34.559,-58.416,5.5,2019-11-21,25.4,"H,,S",32,",,S",21.6,",,S"
ARM00087582,"AEROPARQUE JORGE NEWBERY, AR",-34.559,-58.416,5.5,2019-11-22,22.1,"H,,S",28.6,",,S",,
ARM00087582,"AEROPARQUE JORGE NEWBERY, AR",-34.559,-58.416,5.5,2019-11-23,18.2,"H,,S",23.1,",,S",,
ARM00087582,"AEROPARQUE JORGE NEWBERY, AR",-34.559,-58.416,5.5,2019-11-24,20.5,"H,,S",,,16.8,",,S"
ARM00087582,"AEROPARQUE JORGE NEWBERY, AR",-34.559,-58.416,5.5,2019-11-25,19.5,"H,,S",24.4,",,S",17,",,S"
ARM00087582,"AEROPARQUE JORGE NEWBERY, AR",-34.559,-58.416,5.5,2019-11-26,21.5,"H,,S",,,17.4,",,S"
ARM00087582,"AEROPARQUE JORGE NEWBERY, AR",-34.559,-58.416,5.5,2019-11-27,23,"H,,S",,,17,",,S"
ARM00087582,"AEROPARQUE JORGE NEWBERY, AR",-34.559,-58.416,5.5,2019-11-28,23.6,"H,,S",28.4,",,S",,
ARM00087582,"AEROPARQUE JORGE NEWBERY, AR",-34.559,-58.416,5.5,2019-11-29,23.8,"H,,S",,,,
ARM00087582,"AEROPARQUE JORGE NEWBERY, AR",-34.559,-58.416,5.5,2019-11-30,24.2,"H,,S",29.5,",,S",18.3,",,S"
ARM00087582,"AEROPARQUE JORGE NEWBERY, AR",-34.559,-58.416,5.5,2019-12-01,20.8,"H,,S",28.1,",,S",14.6,",,S"
ARM00087582,"AEROPARQUE JORGE NEWBERY, AR",-34.559,-58.416,5.5,2019-12-02,20.8,"H,,S",25.1,",,S",15.8,",,S"
ARM00087582,"AEROPARQUE JORGE NEWBERY, AR",-34.559,-58.416,5.5,2019-12-03,20.8,"H,,S",25,",,S",,
ARM00087582,"AEROPARQUE JORGE NEWBERY, AR",-34.559,-58.416,5.5,2019-12-04,20.8,"H,,S",24.3,",,S",17.4,",,S"
ARM00087582,"AEROPARQUE JORGE NEWBERY, AR",-34.559,-58.416,5.5,2019-12-05,18.4,"H,,S",,,12.2,",,S"
ARM00087582,"AEROPARQUE JORGE NEWBERY, AR",-34.559,-58.416,5.5,2019-12-06,22.9,"H,,S",,,15.3,",,S"
ARM00087582,"AEROPARQUE JORGE NEWBERY, AR",-34.559,-58.416,5.5,2019-12-07,20.8,"H,,S",26.9,",,S",15.3,",,S"
ARM00087582,"AEROPARQUE JORGE NEWBERY, AR",-34.559,-58.416,5.5,2019-12-08,24.2,"H,,S",,,18.8,",,S"
ARM00087582,"AEROPARQUE JORGE NEWBERY, AR",-34.559,-58.416,5.5,2019-12-09,25.8,"H,,S",,,21,",,S"
ARM00087582,"AEROPARQUE JORGE NEWBERY, AR",-34.559,-58.416,5.5,2019-12-10,29.6,"H,,S",,,22.3,",,S"
ARM00087582,"AEROPARQUE JORGE NEWBERY, AR",-34.559,-58.416,5.5,2019-12-11,28.7,"H,,S",37.5,",,S",25.5,",,S"
ARM00087582,"AEROPARQUE JORGE NEWBERY, AR",-34.559,-58.416,5.5,2019-12-12,23.3,"H,,S",34.3,",,S",,
ARM00087582,"AEROPARQUE JORGE NEWBERY, AR",-34.559,-58.416,5.5,2019-12-13,19.3,"H,,S",26.6,",,S",12.6,",,S"
ARM00087582,"AEROPARQUE JORGE NEWBERY, AR",-34.559,-58.416,5.5,2019-12-14,23.5,"H,,S",,,19.3,",,S"
ARM00087582,"AEROPARQUE JORGE NEWBERY, AR",-34.559,-58.416,5.5,2019-12-15,21.3,"H,,S",27.5,",,S",,
ARM00087582,"AEROPARQUE JORGE NEWBERY, AR",-34.559,-58.416,5.5,2019-12-16,21.4,"H,,S",,,15.8,",,S"
ARM00087582,"AEROPARQUE JORGE NEWBERY, AR",-34.559,-58.416,5.5,2019-12-17,22.8,"H,,S",26.5,",,S",18.7,",,S"
ARM00087582,"AEROPARQUE JORGE NEWBERY, AR",-34.559,-58.416,5.5,2019-12-18,25.3,"H,,S",,,21.3,",,S"
ARM00087582,"AEROPARQUE JORGE NEWBERY, AR",-34.559,-58.416,5.5,2019-12-19,26.4,"H,,S",,,22.8,",,S"
ARM00087582,"AEROPARQUE JORGE NEWBERY, AR",-34.559,-58.416,5.5,2019-12-20,23.1,"H,,S",31.2,",,S",,
ARM00087582,"AEROPARQUE JORGE NEWBERY, AR",-34.559,-58.416,5.5,2019-12-21,18.6,"H,,S",26.5,",,S",13.3,",,S"
ARM00087582,"AEROPARQUE JORGE NEWBERY, AR",-34.559,-58.416,5.5,2019-12-22,18.9,"H,,S",,,11.3,",,S"
ARM00087582,"AEROPARQUE JORGE NEWBERY, AR",-34.559,-58.416,5.5,2019-12-23,23.2,"H,,S",,,15.2,",,S"
ARM00087582,"AEROPARQUE JORGE NEWBERY, AR",-34.559,-58.416,5.5,2019-12-24,25.2,"H,,S",,,19.3,",,S"
ARM00087582,"AEROPARQUE JORGE NEWBERY, AR",-34.559,-58.416,5.5,2019-12-25,22.1,"H,,S",31,",,S",,
ARM00087582,"AEROPARQUE JORGE NEWBERY, AR",-34.559,-58.416,5.5,2019-12-26,20.8,"H,,S",,,14.5,",,S"
ARM00087582,"AEROPARQUE JORGE NEWBERY, AR",-34.559,-58.416,5.5,2019-12-27,24.7,"H,,S",,,20.3,",,S"
ARM00087582,"AEROPARQUE JORGE NEWBERY, AR",-34.559,-58.416,5.5,2019-12-28,25.9,"H,,S",30.5,",,S",20.8,",,S"
ARM00087582,"AEROPARQUE JORGE NEWBERY, AR",-34.559,-58.416,5.5,2019-12-29,26.6,"H,,S",,,23.3,",,S"
ARM00087582,"AEROPARQUE JORGE NEWBERY, AR",-34.559,-58.416,5.5,2019-12-30,24.8,"H,,S",30.5,",,S",,
ARM00087582,"AEROPARQUE JORGE NEWBERY, AR",-34.559,-58.416,5.5,2019-12-31,24.6,"H,,S",,,21.8,",,S"
