"STATION","NAME","DATE","TAVG","TAVG_ATTRIBUTES","TMAX","TMAX_ATTRIBUTES","TMIN","TMIN_ATTRIBUTES"
"ARM00087420","MENDOZA OBSERVATORIO, AR","2019-12-09","87","H,,S",,,,
"ARM00087420","MENDOZA OBSERVATORIO, AR","2019-12-10","81","H,,S",,,"65",",,S"
"ARM00087420","MENDOZA OBSERVATORIO, AR","2019-12-11","84","H,,S",,,"71",",,S"
"ARM00087420","MENDOZA OBSERVATORIO, AR","2019-12-12","72","H,,S",,,"63",",,S"
"ARM00087420","MENDOZA OBSERVATORIO, AR","2019-12-13","74","H,,S",,,"55",",,S"
"ARM00087420","MENDOZA OBSERVATORIO, AR","2019-12-14","77","H,,S",,,"69",",,S"
"ARM00087420","MENDOZA OBSERVATORIO, AR","2019-12-15","72","H,,S",,,"61",",,S"
"ARM00087420","MENDOZA OBSERVATORIO, AR","2019-12-16","74","H,,S",,,"60",",,S"
"ARM00087420","MENDOZA OBSERVATORIO, AR","2019-12-17","78","H,,S",,,"61",",,S"
"ARM00087420","MENDOZA OBSERVATORIO, AR","2019-12-18","82","H,,S",,,"63",",,S"
"ARM00087420","MENDOZA OBSERVATORIO, AR","2019-12-19","83","H,,S",,,"71",",,S"
"ARM00087420","MENDOZA OBSERVATORIO, AR","2019-12-20","74","H,,S",,,"64",",,S"
"ARM00087420","MENDOZA OBSERVATORIO, AR","2019-12-21","73","H,,S",,,"60",",,S"
"ARM00087420","MENDOZA OBSERVATORIO, AR","2019-12-22","78","H,,S",,,"61",",,S"
"ARM00087420","MENDOZA OBSERVATORIO, AR","2019-12-23","83","H,,S",,,"65",",,S"
"ARM00087420","MENDOZA OBSERVATORIO, AR","2019-12-24","87","H,,S",,,"68",",,S"
"ARM00087420","MENDOZA OBSERVATORIO, AR","2019-12-25","70","H,,S",,,"61",",,S"
"ARM00087420","MENDOZA OBSERVATORIO, AR","2019-12-26","73","H,,S",,,"57",",,S"
"ARM00087420","MENDOZA OBSERVATORIO, AR","2019-12-27","81","H,,S",,,"65",",,S"
"ARM00087420","MENDOZA OBSERVATORIO, AR","2019-12-28","83","H,,S",,,"76",",,S"
"ARM00087420","MENDOZA OBSERVATORIO, AR","2019-12-29","80","H,,S",,,"67",",,S"
"ARM00087420","MENDOZA OBSERVATORIO, AR","2019-12-30","84","H,,S",,,"73",",,S"
"ARM00087420","MENDOZA OBSERVATORIO, AR","2019-12-31","84","H,,S",,,"75",",,S"
"ARM00087416","SAN MARTIN, AR","2019-01-01","83","H,,S","95",",,S","69",",,S"
"ARM00087416","SAN MARTIN, AR","2019-01-02","82","H,,S","99",",,S","76",",,S"
"ARM00087416","SAN MARTIN, AR","2019-01-03","74","H,,S",,,"64",",,S"
"ARM00087416","SAN MARTIN, AR","2019-01-04","77","H,,S",,,"62",",,S"
"ARM00087416","SAN MARTIN, AR","2019-01-05","82","H,,S",,,"65",",,S"
"ARM00087416","SAN MARTIN, AR","2019-01-06","76","H,,S","99",",,S","63",",,S"
"ARM00087416","SAN MARTIN, AR","2019-01-07","74","H,,S",,,"61",",,S"
"ARM00087416","SAN MARTIN, AR","2019-01-08","79","H,,S","92",",,S","64",",,S"
"ARM00087416","SAN MARTIN, AR","2019-01-09","76","H,,S","93",",,S","64",",,S"
"ARM00087416","SAN MARTIN, AR","2019-01-10","61","H,,S","84",",,S","49",",,S"
"ARM00087416","SAN MARTIN, AR","2019-01-11","65","H,,S",,,"51",",,S"
"ARM00087416","SAN MARTIN, AR","2019-01-12","74","H,,S",,,"58",",,S"
"ARM00087416","SAN MARTIN, AR","2019-01-13","71","H,,S","91",",,S","60",",,S"
"ARM00087416","SAN MARTIN, AR","2019-01-14","68","H,,S","79",",,S","62",",,S"
"ARM00087416","SAN MARTIN, AR","2019-01-15","70","H,,S",,,"58",",,S"
"ARM00087416","SAN MARTIN, AR","2019-01-16","78","H,,S",,,"62",",,S"
"ARM00087416","SAN MARTIN, AR","2019-01-17","68","H,,S","96",",,S","61",",,S"
"ARM00087416","SAN MARTIN, AR","2019-01-18","63","H,,S",,,"49",",,S"
"ARM00087416","SAN MARTIN, AR","2019-01-19","72","H,,S",,,"54",",,S"
"ARM00087416","SAN MARTIN, AR","2019-01-20","75","H,,S","89",",,S","61",",,S"
"ARM00087416","SAN MARTIN, AR","2019-01-21","79","H,,S","92",",,S","64",",,S"
"ARM00087416","SAN MARTIN, AR","2019-01-22","82","H,,S",,,"69",",,S"
"ARM00087416","SAN MARTIN, AR","2019-01-23","86","H,,S","99",",,S","75",",,S"
"ARM00087416","SAN MARTIN, AR","2019-01-24","85","H,,S","96",",,S","73",",,S"
"ARM00087416","SAN MARTIN, AR","2019-01-25","89","H,,S",,,"76",",,S"
"ARM00087416","SAN MARTIN, AR","2019-01-26","80","H,,S","102",",,S","72",",,S"
"ARM00087416","SAN MARTIN, AR","2019-01-27","86","H,,S",,,"74",",,S"
"ARM00087416","SAN MARTIN, AR","2019-01-28","87","H,,S","100",",,S","74",",,S"
"ARM00087416","SAN MARTIN, AR","2019-01-29","88","H,,S",,,"76",",,S"
"ARM00087416","SAN MARTIN, AR","2019-01-30","84","H,,S","104",",,S","74",",,S"
"ARM00087416","SAN MARTIN, AR","2019-01-31","77","H,,S","98",",,S","66",",,S"
"ARM00087416","SAN MARTIN, AR","2019-02-01","80","H,,S","94",",,S","67",",,S"
"ARM00087416","SAN MARTIN, AR","2019-02-02","75","H,,S","94",",,S","67",",,S"
"ARM00087416","SAN MARTIN, AR","2019-02-03","71","H,,S",,,"65",",,S"
"ARM00087416","SAN MARTIN, AR","2019-02-04","70","H,,S",,,"63",",,S"
"ARM00087416","SAN MARTIN, AR","2019-02-05","77","H,,S",,,"63",",,S"
"ARM00087416","SAN MARTIN, AR","2019-02-06","80","H,,S",,,"65",",,S"
"ARM00087416","SAN MARTIN, AR","2019-02-07","83","H,,S","96",",,S","68",",,S"
"ARM00087416","SAN MARTIN, AR","2019-02-08","80","H,,S","97",",,S","71",",,S"
"ARM00087416","SAN MARTIN, AR","2019-02-09","79","H,,S",,,"70",",,S"
"ARM00087416","SAN MARTIN, AR","2019-02-10","81","H,,S","92",",,S","69",",,S"
"ARM00087416","SAN MARTIN, AR","2019-02-11","69","H,,S","95",",,S","57",",,S"
"ARM00087416","SAN MARTIN, AR","2019-02-12","62","H,,S",,,"54",",,S"
"ARM00087416","SAN MARTIN, AR","2019-02-13","67","H,,S",,,"56",",,S"
"ARM00087416","SAN MARTIN, AR","2019-02-14","74","H,,S",,,"58",",,S"
"ARM00087416","SAN MARTIN, AR","2019-02-15","79","H,,S",,,"64",",,S"
"ARM00087416","SAN MARTIN, AR","2019-02-16","79","H,,S","96",",,S","65",",,S"
"ARM00087416","SAN MARTIN, AR","2019-02-17","80","H,,S","97",",,S","66",",,S"
"ARM00087416","SAN MARTIN, AR","2019-02-18","82","H,,S","96",",,S","69",",,S"
"ARM00087416","SAN MARTIN, AR","2019-02-19","81","H,,S","98",",,S","69",",,S"
"ARM00087416","SAN MARTIN, AR","2019-02-20","83","H,,S",,,"70",",,S"
"ARM00087416","SAN MARTIN, AR","2019-02-21","84","H,,S","99",",,S","73",",,S"
"ARM00087416","SAN MARTIN, AR","2019-02-22","82","H,,S","95",",,S","74",",,S"
"ARM00087416","SAN MARTIN, AR","2019-02-23","77","H,,S","90",",,S","68",",,S"
"ARM00087416","SAN MARTIN, AR","2019-02-24","72","H,,S","87",",,S","64",",,S"
"ARM00087416","SAN MARTIN, AR","2019-02-25","68","H,,S","82",",,S","59",",,S"
"ARM00087416","SAN MARTIN, AR","2019-02-26","66","H,,S",,,"53",",,S"
"ARM00087416","SAN MARTIN, AR","2019-02-27","71","H,,S",,,"55",",,S"
"ARM00087416","SAN MARTIN, AR","2019-02-28","75","H,,S",,,"60",",,S"
"ARM00087416","SAN MARTIN, AR","2019-03-01","76","H,,S","93",",,S","64",",,S"
"ARM00087416","SAN MARTIN, AR","2019-03-02","77","H,,S","95",",,S","66",",,S"
"ARM00087416","SAN MARTIN, AR","2019-03-03","78","H,,S",,,"65",",,S"
"ARM00087416","SAN MARTIN, AR","2019-03-04","77","H,,S","95",",,S","64",",,S"
"ARM00087416","SAN MARTIN, AR","2019-03-05","72","H,,S","88",",,S","65",",,S"
"ARM00087416","SAN MARTIN, AR","2019-03-06","72","H,,S",,,"64",",,S"
"ARM00087416","SAN MARTIN, AR","2019-03-07","78","H,,S",,,"65",",,S"
"ARM00087416","SAN MARTIN, AR","2019-03-08","69","H,,S","95",",,S","58",",,S"
"ARM00087416","SAN MARTIN, AR","2019-03-09","56","H,,S","67",",,S","52",",,S"
"ARM00087416","SAN MARTIN, AR","2019-03-10","58","H,,S",,,"54",",,S"
"ARM00087416","SAN MARTIN, AR","2019-03-11","62","H,,S",,,"54",",,S"
"ARM00087416","SAN MARTIN, AR","2019-03-12","66","H,,S",,,"54",",,S"
"ARM00087416","SAN MARTIN, AR","2019-03-14","71","H,,S",,,"60",",,S"
"ARM00087416","SAN MARTIN, AR","2019-03-15","67","H,,S","87",",,S","56",",,S"
"ARM00087416","SAN MARTIN, AR","2019-03-16","65","H,,S","75",",,S","59",",,S"
"ARM00087416","SAN MARTIN, AR","2019-03-17","61","H,,S",,,"52",",,S"
"ARM00087416","SAN MARTIN, AR","2019-03-18","66","H,,S",,,"56",",,S"
"ARM00087416","SAN MARTIN, AR","2019-03-19","65","H,,S","82",",,S","55",",,S"
"ARM00087416","SAN MARTIN, AR","2019-03-20","57","H,,S","69",",,S","47",",,S"
"ARM00087416","SAN MARTIN, AR","2019-03-21","59","H,,S",,,"46",",,S"
"ARM00087416","SAN MARTIN, AR","2019-03-22","62","H,,S",,,"50",",,S"
"ARM00087416","SAN MARTIN, AR","2019-03-23","67","H,,S",,,"53",",,S"
"ARM00087416","SAN MARTIN, AR","2019-03-24","69","H,,S","85",",,S","59",",,S"
"ARM00087416","SAN MARTIN, AR","2019-03-25","66","H,,S","77",",,S","54",",,S"
"ARM00087416","SAN MARTIN, AR","2019-03-26","59","H,,S","74",",,S","53",",,S"
"ARM00087416","SAN MARTIN, AR","2019-03-27","59","H,,S","67",",,S","54",",,S"
"ARM00087416","SAN MARTIN, AR","2019-03-28","63","H,,S",,,"54",",,S"
"ARM00087416","SAN MARTIN, AR","2019-03-29","65","H,,S",,,"53",",,S"
"ARM00087416","SAN MARTIN, AR","2019-03-30","67","H,,S","82",",,S","56",",,S"
"ARM00087416","SAN MARTIN, AR","2019-03-31","72","H,,S",,,"60",",,S"
"ARM00087416","SAN MARTIN, AR","2019-04-01","71","H,,S","88",",,S","61",",,S"
"ARM00087416","SAN MARTIN, AR","2019-04-02","72","H,,S",,,"58",",,S"
"ARM00087416","SAN MARTIN, AR","2019-04-03","75","H,,S","89",",,S","63",",,S"
"ARM00087416","SAN MARTIN, AR","2019-04-04","71","H,,S","87",",,S","60",",,S"
"ARM00087416","SAN MARTIN, AR","2019-04-05","63","H,,S","77",",,S","49",",,S"
"ARM00087416","SAN MARTIN, AR","2019-04-06","62","H,,S",,,"48",",,S"
"ARM00087416","SAN MARTIN, AR","2019-04-07","65","H,,S",,,"51",",,S"
"ARM00087416","SAN MARTIN, AR","2019-04-08","67","H,,S","86",",,S","52",",,S"
"ARM00087416","SAN MARTIN, AR","2019-04-09","67","H,,S","86",",,S","51",",,S"
"ARM00087416","SAN MARTIN, AR","2019-04-10","70","H,,S","84",",,S","56",",,S"
"ARM00087416","SAN MARTIN, AR","2019-04-11","64","H,,S","81",",,S","53",",,S"
"ARM00087416","SAN MARTIN, AR","2019-04-12","65","H,,S","81",",,S","51",",,S"
"ARM00087416","SAN MARTIN, AR","2019-04-13","66","H,,S","84",",,S","56",",,S"
"ARM00087416","SAN MARTIN, AR","2019-04-14","67","H,,S","83",",,S","57",",,S"
"ARM00087416","SAN MARTIN, AR","2019-04-15","67","H,,S","79",",,S","57",",,S"
"ARM00087416","SAN MARTIN, AR","2019-04-16","62","H,,S",,,"46",",,S"
"ARM00087416","SAN MARTIN, AR","2019-04-17","65","H,,S","81",",,S","52",",,S"
"ARM00087416","SAN MARTIN, AR","2019-04-18","65","H,,S","82",",,S","54",",,S"
"ARM00087416","SAN MARTIN, AR","2019-04-19","67","H,,S",,,"57",",,S"
"ARM00087416","SAN MARTIN, AR","2019-04-20","68","H,,S","83",",,S","60",",,S"
"ARM00087416","SAN MARTIN, AR","2019-04-21","65","H,,S","77",",,S","56",",,S"
"ARM00087416","SAN MARTIN, AR","2019-04-22","58","H,,S","73",",,S","53",",,S"
"ARM00087416","SAN MARTIN, AR","2019-04-23","58","H,,S","65",",,S","53",",,S"
"ARM00087416","SAN MARTIN, AR","2019-04-24","58","H,,S","68",",,S","52",",,S"
"ARM00087416","SAN MARTIN, AR","2019-04-25","58","H,,S","64",",,S","53",",,S"
"ARM00087416","SAN MARTIN, AR","2019-04-26","58","H,,S",,,"51",",,S"
"ARM00087416","SAN MARTIN, AR","2019-04-27","55","H,,S",,,"46",",,S"
"ARM00087416","SAN MARTIN, AR","2019-04-28","59","H,,S",,,"48",",,S"
"ARM00087416","SAN MARTIN, AR","2019-04-29","60","H,,S","77",",,S","53",",,S"
"ARM00087416","SAN MARTIN, AR","2019-04-30","60","H,,S","69",",,S","55",",,S"
"ARM00087416","SAN MARTIN, AR","2019-05-01","55","H,,S",,,"42",",,S"
"ARM00087416","SAN MARTIN, AR","2019-05-02","56","H,,S","72",",,S","47",",,S"
"ARM00087416","SAN MARTIN, AR","2019-05-03","62","H,,S","73",",,S","50",",,S"
"ARM00087416","SAN MARTIN, AR","2019-05-04","62","H,,S","73",",,S","55",",,S"
"ARM00087416","SAN MARTIN, AR","2019-05-05","61","H,,S","71",",,S","57",",,S"
"ARM00087416","SAN MARTIN, AR","2019-05-06","60","H,,S",,,"54",",,S"
"ARM00087416","SAN MARTIN, AR","2019-05-07","62","H,,S","70",",,S","57",",,S"
"ARM00087416","SAN MARTIN, AR","2019-05-08","61","H,,S","71",",,S","57",",,S"
"ARM00087416","SAN MARTIN, AR","2019-05-09","61","H,,S","66",",,S","58",",,S"
"ARM00087416","SAN MARTIN, AR","2019-05-10","54","H,,S","65",",,S","46",",,S"
"ARM00087416","SAN MARTIN, AR","2019-05-11","52","H,,S",,,"40",",,S"
"ARM00087416","SAN MARTIN, AR","2019-05-12","55","H,,S",,,"43",",,S"
"ARM00087416","SAN MARTIN, AR","2019-05-13","56","H,,S","76",",,S","45",",,S"
"ARM00087416","SAN MARTIN, AR","2019-05-14","55","H,,S",,,"44",",,S"
"ARM00087416","SAN MARTIN, AR","2019-05-15","56","H,,S","72",",,S","44",",,S"
"ARM00087416","SAN MARTIN, AR","2019-05-16","56","H,,S","73",",,S","45",",,S"
"ARM00087416","SAN MARTIN, AR","2019-05-17","55","H,,S","70",",,S","44",",,S"
"ARM00087416","SAN MARTIN, AR","2019-05-18","57","H,,S","71",",,S","46",",,S"
"ARM00087416","SAN MARTIN, AR","2019-05-19","52","H,,S","62",",,S","44",",,S"
"ARM00087416","SAN MARTIN, AR","2019-05-20","52","H,,S","62",",,S","46",",,S"
"ARM00087416","SAN MARTIN, AR","2019-05-21","41","H,,S","54",",,S","38",",,S"
"ARM00087416","SAN MARTIN, AR","2019-05-22","44","H,,S",,,"39",",,S"
"ARM00087416","SAN MARTIN, AR","2019-05-24","47","H,,S",,,"35",",,S"
"ARM00087416","SAN MARTIN, AR","2019-05-25","49","H,,S",,,"38",",,S"
"ARM00087416","SAN MARTIN, AR","2019-05-26","50","H,,S","67",",,S","40",",,S"
"ARM00087416","SAN MARTIN, AR","2019-05-27","47","H,,S","64",",,S","37",",,S"
"ARM00087416","SAN MARTIN, AR","2019-05-28","47","H,,S",,,"37",",,S"
"ARM00087416","SAN MARTIN, AR","2019-05-29","47","H,,S","65",",,S","39",",,S"
"ARM00087416","SAN MARTIN, AR","2019-05-30","47","H,,S","57",",,S","40",",,S"
"ARM00087416","SAN MARTIN, AR","2019-05-31","49","H,,S",,,"43",",,S"
"ARM00087416","SAN MARTIN, AR","2019-06-01","44","H,,S",,,"35",",,S"
"ARM00087416","SAN MARTIN, AR","2019-06-02","47","H,,S",,,"38",",,S"
"ARM00087416","SAN MARTIN, AR","2019-06-03","47","H,,S",,,"36",",,S"
"ARM00087416","SAN MARTIN, AR","2019-06-04","49","H,,S","64",",,S","39",",,S"
"ARM00087416","SAN MARTIN, AR","2019-06-05","48","H,,S","62",",,S","39",",,S"
"ARM00087416","SAN MARTIN, AR","2019-06-06","54","H,,S",,,"40",",,S"
"ARM00087416","SAN MARTIN, AR","2019-06-07","54","H,,S","68",",,S","47",",,S"
"ARM00087416","SAN MARTIN, AR","2019-06-08","51","H,,S","67",",,S","40",",,S"
"ARM00087416","SAN MARTIN, AR","2019-06-09","50","H,,S","68",",,S","38",",,S"
"ARM00087416","SAN MARTIN, AR","2019-06-10","51","H,,S","69",",,S","41",",,S"
"ARM00087416","SAN MARTIN, AR","2019-06-11","51","H,,S","65",",,S","43",",,S"
"ARM00087416","SAN MARTIN, AR","2019-06-12","47","H,,S","61",",,S","38",",,S"
"ARM00087416","SAN MARTIN, AR","2019-06-13","48","H,,S","61",",,S","38",",,S"
"ARM00087416","SAN MARTIN, AR","2019-06-14","46","H,,S","62",",,S","37",",,S"
"ARM00087416","SAN MARTIN, AR","2019-06-15","44","H,,S","55",",,S","39",",,S"
"ARM00087416","SAN MARTIN, AR","2019-06-17","43","H,,S",,,"38",",,S"
"ARM00087416","SAN MARTIN, AR","2019-06-18","43","H,,S",,,"32",",,S"
"ARM00087416","SAN MARTIN, AR","2019-06-19","46","H,,S",,,"33",",,S"
"ARM00087416","SAN MARTIN, AR","2019-06-20","46","H,,S","67",",,S","32",",,S"
"ARM00087416","SAN MARTIN, AR","2019-06-21","48","H,,S",,,"34",",,S"
"ARM00087416","SAN MARTIN, AR","2019-06-22","49","H,,S","67",",,S","37",",,S"
"ARM00087416","SAN MARTIN, AR","2019-06-23","51","H,,S","67",",,S","40",",,S"
"ARM00087416","SAN MARTIN, AR","2019-06-24","53","H,,S",,,"43",",,S"
"ARM00087416","SAN MARTIN, AR","2019-06-25","47","H,,S","67",",,S","33",",,S"
"ARM00087416","SAN MARTIN, AR","2019-06-26","40","H,,S","55",",,S","29",",,S"
"ARM00087416","SAN MARTIN, AR","2019-06-27","43","H,,S","58",",,S","31",",,S"
"ARM00087416","SAN MARTIN, AR","2019-06-28","49","H,,S",,,"36",",,S"
"ARM00087416","SAN MARTIN, AR","2019-06-29","50","H,,S","65",",,S","38",",,S"
"ARM00087416","SAN MARTIN, AR","2019-06-30","45","H,,S","60",",,S","36",",,S"
"ARM00087416","SAN MARTIN, AR","2019-07-01","42","H,,S",,,"30",",,S"
"ARM00087416","SAN MARTIN, AR","2019-07-02","45","H,,S",,,"31",",,S"
"ARM00087416","SAN MARTIN, AR","2019-07-03","44","H,,S","65",",,S","34",",,S"
"ARM00087416","SAN MARTIN, AR","2019-07-04","42","H,,S","57",",,S","34",",,S"
"ARM00087416","SAN MARTIN, AR","2019-07-05","38","H,,S",,,"28",",,S"
"ARM00087416","SAN MARTIN, AR","2019-07-06","40","H,,S","56",",,S","30",",,S"
"ARM00087416","SAN MARTIN, AR","2019-07-07","42","H,,S","56",",,S","32",",,S"
"ARM00087416","SAN MARTIN, AR","2019-07-08","45","H,,S",,,"34",",,S"
"ARM00087416","SAN MARTIN, AR","2019-07-09","45","H,,S","60",",,S","35",",,S"
"ARM00087416","SAN MARTIN, AR","2019-07-10","47","H,,S",,,"37",",,S"
"ARM00087416","SAN MARTIN, AR","2019-07-11","49","H,,S","65",",,S","38",",,S"
"ARM00087416","SAN MARTIN, AR","2019-07-12","52","H,,S","65",",,S","39",",,S"
"ARM00087416","SAN MARTIN, AR","2019-07-13","49","H,,S",,,"40",",,S"
"ARM00087416","SAN MARTIN, AR","2019-07-14","50","H,,S",,,"37",",,S"
"ARM00087416","SAN MARTIN, AR","2019-07-15","50","H,,S","66",",,S","39",",,S"
"ARM00087416","SAN MARTIN, AR","2019-07-16","47","H,,S",,,"37",",,S"
"ARM00087416","SAN MARTIN, AR","2019-07-17","51","H,,S","66",",,S","37",",,S"
"ARM00087416","SAN MARTIN, AR","2019-07-18","51","H,,S","64",",,S","41",",,S"
"ARM00087416","SAN MARTIN, AR","2019-07-19","41","H,,S",,,"31",",,S"
"ARM00087416","SAN MARTIN, AR","2019-07-20","48","H,,S",,,"31",",,S"
"ARM00087416","SAN MARTIN, AR","2019-07-21","49","H,,S","65",",,S","36",",,S"
"ARM00087416","SAN MARTIN, AR","2019-07-22","48","H,,S","58",",,S","36",",,S"
"ARM00087416","SAN MARTIN, AR","2019-07-23","47","H,,S","57",",,S","38",",,S"
"ARM00087416","SAN MARTIN, AR","2019-07-24","43","H,,S",,,"31",",,S"
"ARM00087416","SAN MARTIN, AR","2019-07-25","43","H,,S",,,"30",",,S"
"ARM00087416","SAN MARTIN, AR","2019-07-26","46","H,,S",,,"30",",,S"
"ARM00087416","SAN MARTIN, AR","2019-07-27","47","H,,S","67",",,S","35",",,S"
"ARM00087416","SAN MARTIN, AR","2019-07-28","47","H,,S","65",",,S","35",",,S"
"ARM00087416","SAN MARTIN, AR","2019-07-29","48","H,,S","65",",,S","31",",,S"
"ARM00087416","SAN MARTIN, AR","2019-07-30","50","H,,S","67",",,S","37",",,S"
"ARM00087416","SAN MARTIN, AR","2019-07-31","53","H,,S",,,"41",",,S"
"ARM00087416","SAN MARTIN, AR","2019-08-01","53","H,,S","70",",,S","40",",,S"
"ARM00087416","SAN MARTIN, AR","2019-08-02","45","H,,S","65",",,S","30",",,S"
"ARM00087416","SAN MARTIN, AR","2019-08-03","46","H,,S",,,"32",",,S"
"ARM00087416","SAN MARTIN, AR","2019-08-04","47","H,,S","66",",,S","34",",,S"
"ARM00087416","SAN MARTIN, AR","2019-08-05","48","H,,S","67",",,S","33",",,S"
"ARM00087416","SAN MARTIN, AR","2019-08-06","51","H,,S",,,"35",",,S"
"ARM00087416","SAN MARTIN, AR","2019-08-07","53","H,,S","72",",,S","38",",,S"
"ARM00087416","SAN MARTIN, AR","2019-08-08","44","H,,S","58",",,S","36",",,S"
"ARM00087416","SAN MARTIN, AR","2019-08-09","41","H,,S",,,"27",",,S"
"ARM00087416","SAN MARTIN, AR","2019-08-10","44","H,,S",,,"29",",,S"
"ARM00087416","SAN MARTIN, AR","2019-08-11","50","H,,S",,,"32",",,S"
"ARM00087416","SAN MARTIN, AR","2019-08-12","52","H,,S","70",",,S","39",",,S"
"ARM00087416","SAN MARTIN, AR","2019-08-13","45","H,,S","61",",,S","32",",,S"
"ARM00087416","SAN MARTIN, AR","2019-08-14","45","H,,S",,,"31",",,S"
"ARM00087416","SAN MARTIN, AR","2019-08-15","48","H,,S",,,"34",",,S"
"ARM00087416","SAN MARTIN, AR","2019-08-16","51","H,,S",,,"38",",,S"
"ARM00087416","SAN MARTIN, AR","2019-08-17","55","H,,S","71",",,S","41",",,S"
"ARM00087416","SAN MARTIN, AR","2019-08-18","51","H,,S","70",",,S","45",",,S"
"ARM00087416","SAN MARTIN, AR","2019-08-19","44","H,,S","54",",,S","40",",,S"
"ARM00087416","SAN MARTIN, AR","2019-08-20","45","H,,S",,,"32",",,S"
"ARM00087416","SAN MARTIN, AR","2019-08-21","48","H,,S",,,"36",",,S"
"ARM00087416","SAN MARTIN, AR","2019-08-22","54","H,,S",,,"40",",,S"
"ARM00087416","SAN MARTIN, AR","2019-08-23","55","H,,S",,,"43",",,S"
"ARM00087416","SAN MARTIN, AR","2019-08-24","59","H,,S","74",",,S","43",",,S"
"ARM00087416","SAN MARTIN, AR","2019-08-25","58","H,,S","76",",,S","47",",,S"
"ARM00087416","SAN MARTIN, AR","2019-08-26","60","H,,S",,,"45",",,S"
"ARM00087416","SAN MARTIN, AR","2019-08-27","62","H,,S","81",",,S","48",",,S"
"ARM00087416","SAN MARTIN, AR","2019-08-28","60","H,,S",,,"47",",,S"
"ARM00087416","SAN MARTIN, AR","2019-08-29","64","H,,S","84",",,S","50",",,S"
"ARM00087416","SAN MARTIN, AR","2019-08-30","58","H,,S","71",",,S","48",",,S"
"ARM00087416","SAN MARTIN, AR","2019-08-31","53","H,,S","68",",,S","39",",,S"
"ARM00087416","SAN MARTIN, AR","2019-09-01","54","H,,S","68",",,S","42",",,S"
"ARM00087416","SAN MARTIN, AR","2019-09-02","49","H,,S","66",",,S","39",",,S"
"ARM00087416","SAN MARTIN, AR","2019-09-03","43","H,,S","59",",,S","28",",,S"
"ARM00087416","SAN MARTIN, AR","2019-09-04","46","H,,S",,,"33",",,S"
"ARM00087416","SAN MARTIN, AR","2019-09-05","50","H,,S","62",",,S","37",",,S"
"ARM00087416","SAN MARTIN, AR","2019-09-06","51","H,,S","63",",,S","42",",,S"
"ARM00087416","SAN MARTIN, AR","2019-09-07","54","H,,S","65",",,S","41",",,S"
"ARM00087416","SAN MARTIN, AR","2019-09-08","55","H,,S","67",",,S","44",",,S"
"ARM00087416","SAN MARTIN, AR","2019-09-09","54","H,,S","69",",,S","48",",,S"
"ARM00087416","SAN MARTIN, AR","2019-09-10","49","H,,S",,,"36",",,S"
"ARM00087416","SAN MARTIN, AR","2019-09-11","46","H,,S","61",",,S","36",",,S"
"ARM00087416","SAN MARTIN, AR","2019-09-12","48","H,,S",,,"33",",,S"
"ARM00087416","SAN MARTIN, AR","2019-09-13","54","H,,S",,,"39",",,S"
"ARM00087416","SAN MARTIN, AR","2019-09-14","58","H,,S",,,"42",",,S"
"ARM00087416","SAN MARTIN, AR","2019-09-15","62","H,,S","78",",,S","48",",,S"
"ARM00087416","SAN MARTIN, AR","2019-09-16","55","H,,S","78",",,S","46",",,S"
"ARM00087416","SAN MARTIN, AR","2019-09-17","54","H,,S",,,"39",",,S"
"ARM00087416","SAN MARTIN, AR","2019-09-18","61","H,,S",,,"47",",,S"
"ARM00087416","SAN MARTIN, AR","2019-09-19","57","H,,S","80",",,S","47",",,S"
"ARM00087416","SAN MARTIN, AR","2019-09-20","52","H,,S",,,"37",",,S"
"ARM00087416","SAN MARTIN, AR","2019-09-21","55","H,,S",,,"38",",,S"
"ARM00087416","SAN MARTIN, AR","2019-09-22","58","H,,S","76",",,S","45",",,S"
"ARM00087416","SAN MARTIN, AR","2019-09-23","62","H,,S",,,"46",",,S"
"ARM00087416","SAN MARTIN, AR","2019-09-24","67","H,,S",,,"51",",,S"
"ARM00087416","SAN MARTIN, AR","2019-09-25","69","H,,S",,,"53",",,S"
"ARM00087416","SAN MARTIN, AR","2019-09-26","71","H,,S",,,"57",",,S"
"ARM00087416","SAN MARTIN, AR","2019-09-27","74","H,,S","92",",,S","55",",,S"
"ARM00087416","SAN MARTIN, AR","2019-09-28","72","H,,S","90",",,S","58",",,S"
"ARM00087416","SAN MARTIN, AR","2019-09-29","75","H,,S",,,"58",",,S"
"ARM00087416","SAN MARTIN, AR","2019-09-30","70","H,,S","94",",,S","61",",,S"
"ARM00087416","SAN MARTIN, AR","2019-10-01","59","H,,S","74",",,S","48",",,S"
"ARM00087416","SAN MARTIN, AR","2019-10-03","57","H,,S",,,"44",",,S"
"ARM00087416","SAN MARTIN, AR","2019-10-04","53","H,,S","71",",,S","42",",,S"
"ARM00087416","SAN MARTIN, AR","2019-10-05","55","H,,S",,,"41",",,S"
"ARM00087416","SAN MARTIN, AR","2019-10-06","60","H,,S",,,"45",",,S"
"ARM00087416","SAN MARTIN, AR","2019-10-07","67","H,,S","81",",,S","49",",,S"
"ARM00087416","SAN MARTIN, AR","2019-10-08","67","H,,S","81",",,S","53",",,S"
"ARM00087416","SAN MARTIN, AR","2019-10-09","68","H,,S",,,"53",",,S"
"ARM00087416","SAN MARTIN, AR","2019-10-10","73","H,,S","88",",,S","59",",,S"
"ARM00087416","SAN MARTIN, AR","2019-10-11","76","H,,S","91",",,S","66",",,S"
"ARM00087416","SAN MARTIN, AR","2019-10-12","74","H,,S","87",",,S","61",",,S"
"ARM00087416","SAN MARTIN, AR","2019-10-13","67","H,,S","85",",,S","58",",,S"
"ARM00087416","SAN MARTIN, AR","2019-10-14","50","H,,S","67",",,S",,
"ARM00087416","SAN MARTIN, AR","2019-10-15","43","H,,S",,,"38",",,S"
"ARM00087416","SAN MARTIN, AR","2019-10-16","50","H,,S",,,"41",",,S"
"ARM00087416","SAN MARTIN, AR","2019-10-17","55","H,,S",,,"41",",,S"
"ARM00087416","SAN MARTIN, AR","2019-10-18","64","H,,S","76",",,S","51",",,S"
"ARM00087416","SAN MARTIN, AR","2019-10-19","68","H,,S",,,"52",",,S"
"ARM00087416","SAN MARTIN, AR","2019-10-20","68","H,,S","84",",,S","56",",,S"
"ARM00087416","SAN MARTIN, AR","2019-10-21","68","H,,S",,,"54",",,S"
"ARM00087416","SAN MARTIN, AR","2019-10-22","67","H,,S","85",",,S","53",",,S"
"ARM00087416","SAN MARTIN, AR","2019-10-23","66","H,,S",,,"51",",,S"
"ARM00087416","SAN MARTIN, AR","2019-10-24","70","H,,S",,,"54",",,S"
"ARM00087416","SAN MARTIN, AR","2019-10-25","73","H,,S","90",",,S","61",",,S"
"ARM00087416","SAN MARTIN, AR","2019-10-26","76","H,,S",,,"59",",,S"
"ARM00087416","SAN MARTIN, AR","2019-10-27","75","H,,S","92",",,S","66",",,S"
"ARM00087416","SAN MARTIN, AR","2019-10-29","71","H,,S",,,"53",",,S"
"ARM00087416","SAN MARTIN, AR","2019-10-30","65","H,,S","85",",,S","54",",,S"
"ARM00087416","SAN MARTIN, AR","2019-10-31","68","H,,S",,,"52",",,S"
"ARM00087416","SAN MARTIN, AR","2019-11-01","76","H,,S",,,"58",",,S"
"ARM00087416","SAN MARTIN, AR","2019-11-02","72","H,,S","92",",,S","57",",,S"
"ARM00087416","SAN MARTIN, AR","2019-11-03","68","H,,S",,,"50",",,S"
"ARM00087416","SAN MARTIN, AR","2019-11-04","74","H,,S","88",",,S","60",",,S"
"ARM00087416","SAN MARTIN, AR","2019-11-05","70","H,,S","88",",,S","59",",,S"
"ARM00087416","SAN MARTIN, AR","2019-11-06","73","H,,S",,,"59",",,S"
"ARM00087416","SAN MARTIN, AR","2019-11-08","77","H,,S",,,"61",",,S"
"ARM00087416","SAN MARTIN, AR","2019-11-09","77","H,,S","93",",,S","62",",,S"
"ARM00087416","SAN MARTIN, AR","2019-11-10","78","H,,S",,,"67",",,S"
"ARM00087416","SAN MARTIN, AR","2019-11-11","79","H,,S","94",",,S","66",",,S"
"ARM00087416","SAN MARTIN, AR","2019-11-12","78","H,,S","94",",,S","67",",,S"
"ARM00087416","SAN MARTIN, AR","2019-11-13","76","H,,S","89",",,S","62",",,S"
"ARM00087416","SAN MARTIN, AR","2019-11-14","78","H,,S","90",",,S","65",",,S"
"ARM00087416","SAN MARTIN, AR","2019-11-15","80","H,,S",,,"66",",,S"
"ARM00087416","SAN MARTIN, AR","2019-11-16","83","H,,S","98",",,S","71",",,S"
"ARM00087416","SAN MARTIN, AR","2019-11-17","82","H,,S",,,"69",",,S"
"ARM00087416","SAN MARTIN, AR","2019-11-18","79","H,,S","95",",,S","69",",,S"
"ARM00087416","SAN MARTIN, AR","2019-11-19","78","H,,S",,,"63",",,S"
"ARM00087416","SAN MARTIN, AR","2019-11-20","83","H,,S",,,"70",",,S"
"ARM00087416","SAN MARTIN, AR","2019-11-21","83","H,,S","98",",,S","69",",,S"
"ARM00087416","SAN MARTIN, AR","2019-11-22","71","H,,S","97",",,S","64",",,S"
"ARM00087416","SAN MARTIN, AR","2019-11-24","74","H,,S",,,"65",",,S"
"ARM00087416","SAN MARTIN, AR","2019-11-25","69","H,,S","87",",,S","59",",,S"
"ARM00087416","SAN MARTIN, AR","2019-11-26","63","H,,S","80",",,S","53",",,S"
"ARM00087416","SAN MARTIN, AR","2019-11-27","67","H,,S",,,"54",",,S"
"ARM00087416","SAN MARTIN, AR","2019-11-28","75","H,,S",,,"61",",,S"
"ARM00087416","SAN MARTIN, AR","2019-11-29","79","H,,S",,,"64",",,S"
"ARM00087416","SAN MARTIN, AR","2019-11-30","76","H,,S","96",",,S","60",",,S"
"ARM00087416","SAN MARTIN, AR","2019-12-01","76","H,,S",,,"60",",,S"
"ARM00087416","SAN MARTIN, AR","2019-12-02","79","H,,S","92",",,S","67",",,S"
"ARM00087416","SAN MARTIN, AR","2019-12-03","71","H,,S","94",",,S","58",",,S"
"ARM00087416","SAN MARTIN, AR","2019-12-04","68","H,,S","78",",,S","58",",,S"
"ARM00087416","SAN MARTIN, AR","2019-12-05","68","H,,S",,,"52",",,S"
"ARM00087416","SAN MARTIN, AR","2019-12-06","76","H,,S",,,"59",",,S"
"ARM00087416","SAN MARTIN, AR","2019-12-07","80","H,,S","94",",,S","67",",,S"
"ARM00087416","SAN MARTIN, AR","2019-12-08","78","H,,S","94",",,S","61",",,S"
"ARM00087416","SAN MARTIN, AR","2019-12-09","88","H,,S",,,"64",",,S"
"ARM00087416","SAN MARTIN, AR","2019-12-10","83","H,,S","97",",,S","66",",,S"
"ARM00087416","SAN MARTIN, AR","2019-12-11","84","H,,S","96",",,S","70",",,S"
"ARM00087416","SAN MARTIN, AR","2019-12-12","74","H,,S","98",",,S","63",",,S"
"ARM00087416","SAN MARTIN, AR","2019-12-13","74","H,,S",,,"56",",,S"
"ARM00087416","SAN MARTIN, AR","2019-12-14","78","H,,S","92",",,S","66",",,S"
"ARM00087416","SAN MARTIN, AR","2019-12-15","73","H,,S","89",",,S","60",",,S"
"ARM00087416","SAN MARTIN, AR","2019-12-16","76","H,,S",,,"62",",,S"
"ARM00087416","SAN MARTIN, AR","2019-12-17","78","H,,S",,,"62",",,S"
"ARM00087416","SAN MARTIN, AR","2019-12-18","83","H,,S",,,"65",",,S"
"ARM00087416","SAN MARTIN, AR","2019-12-19","85","H,,S","99",",,S","72",",,S"
"ARM00087416","SAN MARTIN, AR","2019-12-20","73","H,,S","98",",,S",,
"ARM00087416","SAN MARTIN, AR","2019-12-21","75","H,,S",,,"62",",,S"
"ARM00087416","SAN MARTIN, AR","2019-12-22","78","H,,S",,,"64",",,S"
"ARM00087416","SAN MARTIN, AR","2019-12-23","83","H,,S",,,"66",",,S"
"ARM00087416","SAN MARTIN, AR","2019-12-24","88","H,,S",,,"70",",,S"
"ARM00087416","SAN MARTIN, AR","2019-12-25","69","H,,S",,,"61",",,S"
"ARM00087416","SAN MARTIN, AR","2019-12-26","74","H,,S",,,"59",",,S"
"ARM00087416","SAN MARTIN, AR","2019-12-27","83","H,,S",,,"69",",,S"
"ARM00087416","SAN MARTIN, AR","2019-12-28","84","H,,S","99",",,S","76",",,S"
"ARM00087416","SAN MARTIN, AR","2019-12-29","82","H,,S",,,"70",",,S"
"ARM00087416","SAN MARTIN, AR","2019-12-30","84","H,,S","100",",,S",,
"ARM00087416","SAN MARTIN, AR","2019-12-31","85","H,,S","99",",,S","75",",,S"
"AR000087418","MENDOZA AERO, AR","2019-01-01","83","H,,S",,,"67",",,S"
"AR000087418","MENDOZA AERO, AR","2019-01-02","81","H,,S","97",",,S",,
"AR000087418","MENDOZA AERO, AR","2019-01-03","75","H,,S",,,"66",",,S"
"AR000087418","MENDOZA AERO, AR","2019-01-04","78","H,,S",,,"63",",,S"
"AR000087418","MENDOZA AERO, AR","2019-01-05","82","H,,S",,,"69",",,S"
"AR000087418","MENDOZA AERO, AR","2019-01-06","76","H,,S","95",",,S",,
"AR000087418","MENDOZA AERO, AR","2019-01-07","76","H,,S",,,"59",",,S"
"AR000087418","MENDOZA AERO, AR","2019-01-08","79","H,,S",,,"67",",,S"
"AR000087418","MENDOZA AERO, AR","2019-01-09","76","H,,S","91",",,S","67",",,S"
"AR000087418","MENDOZA AERO, AR","2019-01-10","59","H,,S","83",",,S","47",",,S"
"AR000087418","MENDOZA AERO, AR","2019-01-11","67","H,,S",,,"49",",,S"
"AR000087418","MENDOZA AERO, AR","2019-01-12","75","H,,S",,,"59",",,S"
"AR000087418","MENDOZA AERO, AR","2019-01-13","72","H,,S","89",",,S","62",",,S"
"AR000087418","MENDOZA AERO, AR","2019-01-14","68","H,,S","78",",,S","63",",,S"
"AR000087418","MENDOZA AERO, AR","2019-01-15","72","H,,S",,,"57",",,S"
"AR000087418","MENDOZA AERO, AR","2019-01-16","78","H,,S",,,"63",",,S"
"AR000087418","MENDOZA AERO, AR","2019-01-17","65","H,,S","94",",,S",,
"AR000087418","MENDOZA AERO, AR","2019-01-18","64","H,,S",,,"49",",,S"
"AR000087418","MENDOZA AERO, AR","2019-01-19","73","H,,S",,,"58",",,S"
"AR000087418","MENDOZA AERO, AR","2019-01-20","76","H,,S",,,,
"AR000087418","MENDOZA AERO, AR","2019-01-21","80","H,,S","92",",,S","65",",,S"
"AR000087418","MENDOZA AERO, AR","2019-01-22","84","H,,S",,,,
"AR000087418","MENDOZA AERO, AR","2019-01-23","86","H,,S","98",",,S","77",",,S"
"AR000087418","MENDOZA AERO, AR","2019-01-24","84","H,,S",,,"72",",,S"
"AR000087418","MENDOZA AERO, AR","2019-01-25","88","H,,S",,,"76",",,S"
"AR000087418","MENDOZA AERO, AR","2019-01-26","82","H,,S","99",",,S","70",",,S"
"AR000087418","MENDOZA AERO, AR","2019-01-27","85","H,,S",,,"74",",,S"
"AR000087418","MENDOZA AERO, AR","2019-01-28","85","H,,S","98",",,S","74",",,S"
"AR000087418","MENDOZA AERO, AR","2019-01-29","87","H,,S",,,"76",",,S"
"AR000087418","MENDOZA AERO, AR","2019-01-30","85","H,,S","101",",,S","77",",,S"
"AR000087418","MENDOZA AERO, AR","2019-01-31","81","H,,S","96",",,S","70",",,S"
"AR000087418","MENDOZA AERO, AR","2019-02-01","79","H,,S","96",",,S","67",",,S"
"AR000087418","MENDOZA AERO, AR","2019-02-02","75","H,,S","89",",,S",,
"AR000087418","MENDOZA AERO, AR","2019-02-03","69","H,,S","74",",,S","65",",,S"
"AR000087418","MENDOZA AERO, AR","2019-02-04","72","H,,S",,,"65",",,S"
"AR000087418","MENDOZA AERO, AR","2019-02-05","77","H,,S",,,"63",",,S"
"AR000087418","MENDOZA AERO, AR","2019-02-06","80","H,,S",,,"65",",,S"
"AR000087418","MENDOZA AERO, AR","2019-02-07","83","H,,S","96",",,S","69",",,S"
"AR000087418","MENDOZA AERO, AR","2019-02-08","79","H,,S",,,"72",",,S"
"AR000087418","MENDOZA AERO, AR","2019-02-09","80","H,,S",,,"69",",,S"
"AR000087418","MENDOZA AERO, AR","2019-02-10","82","H,,S",,,"70",",,S"
"AR000087418","MENDOZA AERO, AR","2019-02-11","68","H,,S","95",",,S","59",",,S"
"AR000087418","MENDOZA AERO, AR","2019-02-12","63","H,,S",,,"55",",,S"
"AR000087418","MENDOZA AERO, AR","2019-02-13","70","H,,S",,,"57",",,S"
"AR000087418","MENDOZA AERO, AR","2019-02-14","75","H,,S",,,"58",",,S"
"AR000087418","MENDOZA AERO, AR","2019-02-15","80","H,,S",,,"64",",,S"
"AR000087418","MENDOZA AERO, AR","2019-02-16","81","H,,S","98",",,S","66",",,S"
"AR000087418","MENDOZA AERO, AR","2019-02-17","82","H,,S","98",",,S",,
"AR000087418","MENDOZA AERO, AR","2019-02-18","84","H,,S",,,"71",",,S"
"AR000087418","MENDOZA AERO, AR","2019-02-19","82","H,,S","98",",,S",,
"AR000087418","MENDOZA AERO, AR","2019-02-20","83","H,,S",,,"69",",,S"
"AR000087418","MENDOZA AERO, AR","2019-02-21","85","H,,S","100",",,S","77",",,S"
"AR000087418","MENDOZA AERO, AR","2019-02-22","83","H,,S","92",",,S",,
"AR000087418","MENDOZA AERO, AR","2019-02-23","77","H,,S","90",",,S","71",",,S"
"AR000087418","MENDOZA AERO, AR","2019-02-24","71","H,,S","82",",,S","64",",,S"
"AR000087418","MENDOZA AERO, AR","2019-02-25","68","H,,S","79",",,S","60",",,S"
"AR000087418","MENDOZA AERO, AR","2019-02-26","67","H,,S",,,"54",",,S"
"AR000087418","MENDOZA AERO, AR","2019-02-27","72","H,,S",,,,
"AR000087418","MENDOZA AERO, AR","2019-02-28","76","H,,S",,,"62",",,S"
"AR000087418","MENDOZA AERO, AR","2019-03-01","80","H,,S","92",",,S","67",",,S"
"AR000087418","MENDOZA AERO, AR","2019-03-02","78","H,,S","92",",,S",,
"AR000087418","MENDOZA AERO, AR","2019-03-03","78","H,,S",,,,
"AR000087418","MENDOZA AERO, AR","2019-03-04","79","H,,S","92",",,S","69",",,S"
"AR000087418","MENDOZA AERO, AR","2019-03-05","70","H,,S","88",",,S",,
"AR000087418","MENDOZA AERO, AR","2019-03-06","73","H,,S",,,"61",",,S"
"AR000087418","MENDOZA AERO, AR","2019-03-07","80","H,,S",,,"66",",,S"
"AR000087418","MENDOZA AERO, AR","2019-03-08","66","H,,S","92",",,S",,
"AR000087418","MENDOZA AERO, AR","2019-03-09","55","H,,S","67",",,S",,
"AR000087418","MENDOZA AERO, AR","2019-03-10","57","H,,S",,,"52",",,S"
"AR000087418","MENDOZA AERO, AR","2019-03-11","62","H,,S",,,"55",",,S"
"AR000087418","MENDOZA AERO, AR","2019-03-12","67","H,,S",,,"55",",,S"
"AR000087418","MENDOZA AERO, AR","2019-03-13","72","H,,S","83",",,S",,
"AR000087418","MENDOZA AERO, AR","2019-03-14","73","H,,S",,,,
"AR000087418","MENDOZA AERO, AR","2019-03-15","69","H,,S","86",",,S","61",",,S"
"AR000087418","MENDOZA AERO, AR","2019-03-16","64","H,,S","74",",,S",,
"AR000087418","MENDOZA AERO, AR","2019-03-17","64","H,,S",,,"52",",,S"
"AR000087418","MENDOZA AERO, AR","2019-03-18","68","H,,S",,,"56",",,S"
"AR000087418","MENDOZA AERO, AR","2019-03-19","66","H,,S","81",",,S","57",",,S"
"AR000087418","MENDOZA AERO, AR","2019-03-20","59","H,,S","68",",,S","44",",,S"
"AR000087418","MENDOZA AERO, AR","2019-03-21","60","H,,S",,,"44",",,S"
"AR000087418","MENDOZA AERO, AR","2019-03-22","66","H,,S",,,"50",",,S"
"AR000087418","MENDOZA AERO, AR","2019-03-23","68","H,,S",,,"53",",,S"
"AR000087418","MENDOZA AERO, AR","2019-03-24","71","H,,S","84",",,S","59",",,S"
"AR000087418","MENDOZA AERO, AR","2019-03-25","67","H,,S","76",",,S","58",",,S"
"AR000087418","MENDOZA AERO, AR","2019-03-26","61","H,,S","76",",,S","53",",,S"
"AR000087418","MENDOZA AERO, AR","2019-03-27","58","H,,S","68",",,S","52",",,S"
"AR000087418","MENDOZA AERO, AR","2019-03-28","63","H,,S",,,"52",",,S"
"AR000087418","MENDOZA AERO, AR","2019-03-29","67","H,,S",,,"52",",,S"
"AR000087418","MENDOZA AERO, AR","2019-03-30","70","H,,S","83",",,S","58",",,S"
"AR000087418","MENDOZA AERO, AR","2019-03-31","74","H,,S",,,"60",",,S"
"AR000087418","MENDOZA AERO, AR","2019-04-01","73","H,,S","88",",,S","58",",,S"
"AR000087418","MENDOZA AERO, AR","2019-04-02","73","H,,S",,,"58",",,S"
"AR000087418","MENDOZA AERO, AR","2019-04-03","75","H,,S","88",",,S","62",",,S"
"AR000087418","MENDOZA AERO, AR","2019-04-04","70","H,,S","87",",,S","59",",,S"
"AR000087418","MENDOZA AERO, AR","2019-04-05","65","H,,S",,,"49",",,S"
"AR000087418","MENDOZA AERO, AR","2019-04-06","66","H,,S",,,"48",",,S"
"AR000087418","MENDOZA AERO, AR","2019-04-07","67","H,,S",,,"51",",,S"
"AR000087418","MENDOZA AERO, AR","2019-04-08","68","H,,S","86",",,S","51",",,S"
"AR000087418","MENDOZA AERO, AR","2019-04-09","68","H,,S","85",",,S","52",",,S"
"AR000087418","MENDOZA AERO, AR","2019-04-10","73","H,,S","83",",,S","58",",,S"
"AR000087418","MENDOZA AERO, AR","2019-04-11","68","H,,S","81",",,S","58",",,S"
"AR000087418","MENDOZA AERO, AR","2019-04-12","68","H,,S",,,"51",",,S"
"AR000087418","MENDOZA AERO, AR","2019-04-13","69","H,,S","84",",,S","55",",,S"
"AR000087418","MENDOZA AERO, AR","2019-04-14","68","H,,S","81",",,S","55",",,S"
"AR000087418","MENDOZA AERO, AR","2019-04-15","68","H,,S","78",",,S","60",",,S"
"AR000087418","MENDOZA AERO, AR","2019-04-16","64","H,,S",,,"49",",,S"
"AR000087418","MENDOZA AERO, AR","2019-04-17","66","H,,S",,,"52",",,S"
"AR000087418","MENDOZA AERO, AR","2019-04-18","66","H,,S","81",",,S","53",",,S"
"AR000087418","MENDOZA AERO, AR","2019-04-19","68","H,,S",,,"57",",,S"
"AR000087418","MENDOZA AERO, AR","2019-04-20","69","H,,S","78",",,S","61",",,S"
"AR000087418","MENDOZA AERO, AR","2019-04-21","67","H,,S","75",",,S","60",",,S"
"AR000087418","MENDOZA AERO, AR","2019-04-22","60","H,,S","74",",,S","55",",,S"
"AR000087418","MENDOZA AERO, AR","2019-04-23","59","H,,S","67",",,S",,
"AR000087418","MENDOZA AERO, AR","2019-04-24","58","H,,S","67",",,S","50",",,S"
"AR000087418","MENDOZA AERO, AR","2019-04-25","56","H,,S","62",",,S","52",",,S"
"AR000087418","MENDOZA AERO, AR","2019-04-26","57","H,,S",,,"53",",,S"
"AR000087418","MENDOZA AERO, AR","2019-04-27","57","H,,S",,,"44",",,S"
"AR000087418","MENDOZA AERO, AR","2019-04-28","61","H,,S",,,"47",",,S"
"AR000087418","MENDOZA AERO, AR","2019-04-29","61","H,,S","76",",,S","50",",,S"
"AR000087418","MENDOZA AERO, AR","2019-04-30","60","H,,S",,,"53",",,S"
"AR000087418","MENDOZA AERO, AR","2019-05-01","57","H,,S",,,,
"AR000087418","MENDOZA AERO, AR","2019-05-02","58","H,,S","73",",,S","46",",,S"
"AR000087418","MENDOZA AERO, AR","2019-05-03","63","H,,S",,,"50",",,S"
"AR000087418","MENDOZA AERO, AR","2019-05-04","63","H,,S","75",",,S",,
"AR000087418","MENDOZA AERO, AR","2019-05-05","59","H,,S","71",",,S","55",",,S"
"AR000087418","MENDOZA AERO, AR","2019-05-06","62","H,,S",,,"55",",,S"
"AR000087418","MENDOZA AERO, AR","2019-05-07","63","H,,S",,,"56",",,S"
"AR000087418","MENDOZA AERO, AR","2019-05-08","61","H,,S","72",",,S","57",",,S"
"AR000087418","MENDOZA AERO, AR","2019-05-09","61","H,,S",,,,
"AR000087418","MENDOZA AERO, AR","2019-05-10","54","H,,S","67",",,S",,
"AR000087418","MENDOZA AERO, AR","2019-05-11","53","H,,S",,,"40",",,S"
"AR000087418","MENDOZA AERO, AR","2019-05-12","57","H,,S",,,"42",",,S"
"AR000087418","MENDOZA AERO, AR","2019-05-13","59","H,,S","75",",,S","45",",,S"
"AR000087418","MENDOZA AERO, AR","2019-05-14","56","H,,S","70",",,S",,
"AR000087418","MENDOZA AERO, AR","2019-05-15","57","H,,S",,,"43",",,S"
"AR000087418","MENDOZA AERO, AR","2019-05-16","56","H,,S","71",",,S","45",",,S"
"AR000087418","MENDOZA AERO, AR","2019-05-17","55","H,,S","68",",,S","43",",,S"
"AR000087418","MENDOZA AERO, AR","2019-05-18","57","H,,S","67",",,S","46",",,S"
"AR000087418","MENDOZA AERO, AR","2019-05-19","53","H,,S",,,"44",",,S"
"AR000087418","MENDOZA AERO, AR","2019-05-20","51","H,,S","64",",,S",,
"AR000087418","MENDOZA AERO, AR","2019-05-21","42","H,,S","55",",,S","40",",,S"
"AR000087418","MENDOZA AERO, AR","2019-05-22","44","H,,S",,,,
"AR000087418","MENDOZA AERO, AR","2019-05-23","45","H,,S",,,"29",",,S"
"AR000087418","MENDOZA AERO, AR","2019-05-24","49","H,,S",,,"32",",,S"
"AR000087418","MENDOZA AERO, AR","2019-05-25","52","H,,S",,,"38",",,S"
"AR000087418","MENDOZA AERO, AR","2019-05-26","53","H,,S","68",",,S","39",",,S"
"AR000087418","MENDOZA AERO, AR","2019-05-27","49","H,,S","67",",,S","37",",,S"
"AR000087418","MENDOZA AERO, AR","2019-05-28","49","H,,S",,,"34",",,S"
"AR000087418","MENDOZA AERO, AR","2019-05-29","48","H,,S","65",",,S","38",",,S"
"AR000087418","MENDOZA AERO, AR","2019-05-30","48","H,,S","56",",,S","40",",,S"
"AR000087418","MENDOZA AERO, AR","2019-05-31","47","H,,S","53",",,S",,
"AR000087418","MENDOZA AERO, AR","2019-06-01","45","H,,S",,,"33",",,S"
"AR000087418","MENDOZA AERO, AR","2019-06-02","49","H,,S",,,"36",",,S"
"AR000087418","MENDOZA AERO, AR","2019-06-03","49","H,,S","64",",,S","35",",,S"
"AR000087418","MENDOZA AERO, AR","2019-06-04","51","H,,S",,,"36",",,S"
"AR000087418","MENDOZA AERO, AR","2019-06-05","50","H,,S","65",",,S","38",",,S"
"AR000087418","MENDOZA AERO, AR","2019-06-06","56","H,,S",,,"39",",,S"
"AR000087418","MENDOZA AERO, AR","2019-06-07","56","H,,S","68",",,S","46",",,S"
"AR000087418","MENDOZA AERO, AR","2019-06-08","51","H,,S",,,"40",",,S"
"AR000087418","MENDOZA AERO, AR","2019-06-09","51","H,,S","66",",,S",,
"AR000087418","MENDOZA AERO, AR","2019-06-10","51","H,,S","65",",,S","38",",,S"
"AR000087418","MENDOZA AERO, AR","2019-06-11","51","H,,S","64",",,S","40",",,S"
"AR000087418","MENDOZA AERO, AR","2019-06-12","49","H,,S",,,"36",",,S"
"AR000087418","MENDOZA AERO, AR","2019-06-13","47","H,,S",,,,
"AR000087418","MENDOZA AERO, AR","2019-06-14","48","H,,S","64",",,S","35",",,S"
"AR000087418","MENDOZA AERO, AR","2019-06-15","46","H,,S","56",",,S",,
"AR000087418","MENDOZA AERO, AR","2019-06-16","42","H,,S",,,,
"AR000087418","MENDOZA AERO, AR","2019-06-17","43","H,,S","52",",,S","33",",,S"
"AR000087418","MENDOZA AERO, AR","2019-06-18","44","H,,S",,,"30",",,S"
"AR000087418","MENDOZA AERO, AR","2019-06-19","48","H,,S",,,"29",",,S"
"AR000087418","MENDOZA AERO, AR","2019-06-20","47","H,,S","65",",,S",,
"AR000087418","MENDOZA AERO, AR","2019-06-21","50","H,,S",,,"34",",,S"
"AR000087418","MENDOZA AERO, AR","2019-06-22","51","H,,S","66",",,S","37",",,S"
"AR000087418","MENDOZA AERO, AR","2019-06-23","53","H,,S","65",",,S","41",",,S"
"AR000087418","MENDOZA AERO, AR","2019-06-24","55","H,,S","65",",,S","43",",,S"
"AR000087418","MENDOZA AERO, AR","2019-06-25","46","H,,S","65",",,S","32",",,S"
"AR000087418","MENDOZA AERO, AR","2019-06-26","41","H,,S","56",",,S","28",",,S"
"AR000087418","MENDOZA AERO, AR","2019-06-27","43","H,,S",,,"34",",,S"
"AR000087418","MENDOZA AERO, AR","2019-06-28","50","H,,S",,,"35",",,S"
"AR000087418","MENDOZA AERO, AR","2019-06-29","50","H,,S","65",",,S",,
"AR000087418","MENDOZA AERO, AR","2019-06-30","45","H,,S","59",",,S","34",",,S"
"AR000087418","MENDOZA AERO, AR","2019-07-01","44","H,,S",,,"27",",,S"
"AR000087418","MENDOZA AERO, AR","2019-07-02","47","H,,S",,,"29",",,S"
"AR000087418","MENDOZA AERO, AR","2019-07-03","47","H,,S","67",",,S","35",",,S"
"AR000087418","MENDOZA AERO, AR","2019-07-04","42","H,,S","54",",,S","33",",,S"
"AR000087418","MENDOZA AERO, AR","2019-07-05","41","H,,S",,,"28",",,S"
"AR000087418","MENDOZA AERO, AR","2019-07-06","42","H,,S","54",",,S","29",",,S"
"AR000087418","MENDOZA AERO, AR","2019-07-07","45","H,,S",,,"33",",,S"
"AR000087418","MENDOZA AERO, AR","2019-07-08","46","H,,S","58",",,S","31",",,S"
"AR000087418","MENDOZA AERO, AR","2019-07-09","47","H,,S",,,"35",",,S"
"AR000087418","MENDOZA AERO, AR","2019-07-10","49","H,,S",,,,
"AR000087418","MENDOZA AERO, AR","2019-07-11","51","H,,S",,,"37",",,S"
"AR000087418","MENDOZA AERO, AR","2019-07-12","53","H,,S","65",",,S","40",",,S"
"AR000087418","MENDOZA AERO, AR","2019-07-13","51","H,,S",,,"40",",,S"
"AR000087418","MENDOZA AERO, AR","2019-07-14","50","H,,S",,,"38",",,S"
"AR000087418","MENDOZA AERO, AR","2019-07-15","51","H,,S","64",",,S","39",",,S"
"AR000087418","MENDOZA AERO, AR","2019-07-16","49","H,,S",,,"35",",,S"
"AR000087418","MENDOZA AERO, AR","2019-07-17","50","H,,S","65",",,S","40",",,S"
"AR000087418","MENDOZA AERO, AR","2019-07-18","53","H,,S","64",",,S","39",",,S"
"AR000087418","MENDOZA AERO, AR","2019-07-19","43","H,,S",,,"30",",,S"
"AR000087418","MENDOZA AERO, AR","2019-07-20","49","H,,S",,,"31",",,S"
"AR000087418","MENDOZA AERO, AR","2019-07-21","56","H,,S",,,"36",",,S"
"AR000087418","MENDOZA AERO, AR","2019-07-22","49","H,,S","78",",,S",,
"AR000087418","MENDOZA AERO, AR","2019-07-23","47","H,,S","54",",,S","41",",,S"
"AR000087418","MENDOZA AERO, AR","2019-07-24","44","H,,S",,,"31",",,S"
"AR000087418","MENDOZA AERO, AR","2019-07-25","45","H,,S",,,"28",",,S"
"AR000087418","MENDOZA AERO, AR","2019-07-26","49","H,,S",,,"30",",,S"
"AR000087418","MENDOZA AERO, AR","2019-07-27","48","H,,S","67",",,S",,
"AR000087418","MENDOZA AERO, AR","2019-07-28","48","H,,S",,,"31",",,S"
"AR000087418","MENDOZA AERO, AR","2019-07-29","49","H,,S",,,"32",",,S"
"AR000087418","MENDOZA AERO, AR","2019-07-30","51","H,,S","67",",,S","35",",,S"
"AR000087418","MENDOZA AERO, AR","2019-07-31","54","H,,S",,,"38",",,S"
"AR000087418","MENDOZA AERO, AR","2019-08-01","55","H,,S","71",",,S","39",",,S"
"AR000087418","MENDOZA AERO, AR","2019-08-02","47","H,,S","64",",,S","31",",,S"
"AR000087418","MENDOZA AERO, AR","2019-08-03","48","H,,S",,,"33",",,S"
"AR000087418","MENDOZA AERO, AR","2019-08-04","49","H,,S","66",",,S","32",",,S"
"AR000087418","MENDOZA AERO, AR","2019-08-05","51","H,,S",,,"35",",,S"
"AR000087418","MENDOZA AERO, AR","2019-08-06","53","H,,S",,,"34",",,S"
"AR000087418","MENDOZA AERO, AR","2019-08-07","53","H,,S","71",",,S","39",",,S"
"AR000087418","MENDOZA AERO, AR","2019-08-08","47","H,,S","58",",,S",,
"AR000087418","MENDOZA AERO, AR","2019-08-09","43","H,,S",,,"28",",,S"
"AR000087418","MENDOZA AERO, AR","2019-08-10","46","H,,S",,,"30",",,S"
"AR000087418","MENDOZA AERO, AR","2019-08-11","52","H,,S",,,"33",",,S"
"AR000087418","MENDOZA AERO, AR","2019-08-12","53","H,,S","70",",,S","37",",,S"
"AR000087418","MENDOZA AERO, AR","2019-08-13","46","H,,S","60",",,S","32",",,S"
"AR000087418","MENDOZA AERO, AR","2019-08-14","46","H,,S",,,"33",",,S"
"AR000087418","MENDOZA AERO, AR","2019-08-15","51","H,,S",,,"34",",,S"
"AR000087418","MENDOZA AERO, AR","2019-08-16","53","H,,S","67",",,S","38",",,S"
"AR000087418","MENDOZA AERO, AR","2019-08-17","56","H,,S",,,"42",",,S"
"AR000087418","MENDOZA AERO, AR","2019-08-18","53","H,,S","68",",,S","42",",,S"
"AR000087418","MENDOZA AERO, AR","2019-08-19","43","H,,S","61",",,S","40",",,S"
"AR000087418","MENDOZA AERO, AR","2019-08-20","44","H,,S",,,"31",",,S"
"AR000087418","MENDOZA AERO, AR","2019-08-21","49","H,,S",,,"33",",,S"
"AR000087418","MENDOZA AERO, AR","2019-08-22","54","H,,S",,,"39",",,S"
"AR000087418","MENDOZA AERO, AR","2019-08-23","57","H,,S",,,"41",",,S"
"AR000087418","MENDOZA AERO, AR","2019-08-24","60","H,,S",,,"45",",,S"
"AR000087418","MENDOZA AERO, AR","2019-08-25","59","H,,S","76",",,S","45",",,S"
"AR000087418","MENDOZA AERO, AR","2019-08-26","61","H,,S",,,"45",",,S"
"AR000087418","MENDOZA AERO, AR","2019-08-27","63","H,,S","77",",,S","48",",,S"
"AR000087418","MENDOZA AERO, AR","2019-08-28","63","H,,S",,,"47",",,S"
"AR000087418","MENDOZA AERO, AR","2019-08-29","66","H,,S","82",",,S","48",",,S"
"AR000087418","MENDOZA AERO, AR","2019-08-30","58","H,,S","71",",,S","49",",,S"
"AR000087418","MENDOZA AERO, AR","2019-08-31","55","H,,S","67",",,S","41",",,S"
"AR000087418","MENDOZA AERO, AR","2019-09-01","54","H,,S","67",",,S","42",",,S"
"AR000087418","MENDOZA AERO, AR","2019-09-02","49","H,,S","65",",,S",,
"AR000087418","MENDOZA AERO, AR","2019-09-03","44","H,,S","56",",,S","28",",,S"
"AR000087418","MENDOZA AERO, AR","2019-09-04","47","H,,S",,,"33",",,S"
"AR000087418","MENDOZA AERO, AR","2019-09-05","51","H,,S","60",",,S","39",",,S"
"AR000087418","MENDOZA AERO, AR","2019-09-06","53","H,,S",,,"44",",,S"
"AR000087418","MENDOZA AERO, AR","2019-09-07","55","H,,S",,,,
"AR000087418","MENDOZA AERO, AR","2019-09-08","56","H,,S",,,,
"AR000087418","MENDOZA AERO, AR","2019-09-09","54","H,,S","67",",,S",,
"AR000087418","MENDOZA AERO, AR","2019-09-10","48","H,,S",,,"36",",,S"
"AR000087418","MENDOZA AERO, AR","2019-09-11","46","H,,S","58",",,S","38",",,S"
"AR000087418","MENDOZA AERO, AR","2019-09-12","48","H,,S",,,,
"AR000087418","MENDOZA AERO, AR","2019-09-13","55","H,,S",,,"41",",,S"
"AR000087418","MENDOZA AERO, AR","2019-09-14","59","H,,S",,,"42",",,S"
"AR000087418","MENDOZA AERO, AR","2019-09-15","64","H,,S",,,"50",",,S"
"AR000087418","MENDOZA AERO, AR","2019-09-16","55","H,,S","78",",,S","45",",,S"
"AR000087418","MENDOZA AERO, AR","2019-09-17","56","H,,S",,,"37",",,S"
"AR000087418","MENDOZA AERO, AR","2019-09-18","63","H,,S",,,"47",",,S"
"AR000087418","MENDOZA AERO, AR","2019-09-19","57","H,,S","80",",,S","50",",,S"
"AR000087418","MENDOZA AERO, AR","2019-09-20","54","H,,S",,,"37",",,S"
"AR000087418","MENDOZA AERO, AR","2019-09-21","57","H,,S",,,"37",",,S"
"AR000087418","MENDOZA AERO, AR","2019-09-22","61","H,,S","75",",,S","43",",,S"
"AR000087418","MENDOZA AERO, AR","2019-09-23","64","H,,S",,,"50",",,S"
"AR000087418","MENDOZA AERO, AR","2019-09-24","68","H,,S",,,"51",",,S"
"AR000087418","MENDOZA AERO, AR","2019-09-25","70","H,,S",,,"51",",,S"
"AR000087418","MENDOZA AERO, AR","2019-09-26","73","H,,S","90",",,S","54",",,S"
"AR000087418","MENDOZA AERO, AR","2019-09-27","73","H,,S",,,"59",",,S"
"AR000087418","MENDOZA AERO, AR","2019-09-28","74","H,,S","88",",,S","60",",,S"
"AR000087418","MENDOZA AERO, AR","2019-09-29","74","H,,S",,,"55",",,S"
"AR000087418","MENDOZA AERO, AR","2019-09-30","70","H,,S","92",",,S","57",",,S"
"AR000087418","MENDOZA AERO, AR","2019-10-01","59","H,,S","73",",,S","50",",,S"
"AR000087418","MENDOZA AERO, AR","2019-10-02","54","H,,S","65",",,S","42",",,S"
"AR000087418","MENDOZA AERO, AR","2019-10-03","58","H,,S",,,"46",",,S"
"AR000087418","MENDOZA AERO, AR","2019-10-04","54","H,,S",,,"45",",,S"
"AR000087418","MENDOZA AERO, AR","2019-10-05","57","H,,S",,,"43",",,S"
"AR000087418","MENDOZA AERO, AR","2019-10-06","62","H,,S",,,,
"AR000087418","MENDOZA AERO, AR","2019-10-07","67","H,,S","81",",,S","49",",,S"
"AR000087418","MENDOZA AERO, AR","2019-10-08","68","H,,S","80",",,S","58",",,S"
"AR000087418","MENDOZA AERO, AR","2019-10-09","69","H,,S",,,"54",",,S"
"AR000087418","MENDOZA AERO, AR","2019-10-10","74","H,,S",,,"58",",,S"
"AR000087418","MENDOZA AERO, AR","2019-10-11","76","H,,S","89",",,S","67",",,S"
"AR000087418","MENDOZA AERO, AR","2019-10-12","76","H,,S","85",",,S","66",",,S"
"AR000087418","MENDOZA AERO, AR","2019-10-13","68","H,,S","85",",,S","61",",,S"
"AR000087418","MENDOZA AERO, AR","2019-10-14","51","H,,S","71",",,S",,
"AR000087418","MENDOZA AERO, AR","2019-10-15","44","H,,S",,,"38",",,S"
"AR000087418","MENDOZA AERO, AR","2019-10-16","51","H,,S",,,"40",",,S"
"AR000087418","MENDOZA AERO, AR","2019-10-17","56","H,,S",,,"38",",,S"
"AR000087418","MENDOZA AERO, AR","2019-10-18","67","H,,S",,,"50",",,S"
"AR000087418","MENDOZA AERO, AR","2019-10-19","70","H,,S",,,"57",",,S"
"AR000087418","MENDOZA AERO, AR","2019-10-20","69","H,,S","83",",,S","59",",,S"
"AR000087418","MENDOZA AERO, AR","2019-10-21","70","H,,S",,,"53",",,S"
"AR000087418","MENDOZA AERO, AR","2019-10-22","67","H,,S","83",",,S","57",",,S"
"AR000087418","MENDOZA AERO, AR","2019-10-23","67","H,,S",,,"53",",,S"
"AR000087418","MENDOZA AERO, AR","2019-10-24","70","H,,S",,,"53",",,S"
"AR000087418","MENDOZA AERO, AR","2019-10-25","74","H,,S","87",",,S","64",",,S"
"AR000087418","MENDOZA AERO, AR","2019-10-26","77","H,,S",,,"59",",,S"
"AR000087418","MENDOZA AERO, AR","2019-10-27","75","H,,S","91",",,S","68",",,S"
"AR000087418","MENDOZA AERO, AR","2019-10-28","72","H,,S","82",",,S","63",",,S"
"AR000087418","MENDOZA AERO, AR","2019-10-29","71","H,,S","83",",,S","60",",,S"
"AR000087418","MENDOZA AERO, AR","2019-10-30","65","H,,S","83",",,S","53",",,S"
"AR000087418","MENDOZA AERO, AR","2019-10-31","70","H,,S",,,"51",",,S"
"AR000087418","MENDOZA AERO, AR","2019-11-01","75","H,,S",,,"62",",,S"
"AR000087418","MENDOZA AERO, AR","2019-11-02","71","H,,S","90",",,S","59",",,S"
"AR000087418","MENDOZA AERO, AR","2019-11-03","71","H,,S",,,"52",",,S"
"AR000087418","MENDOZA AERO, AR","2019-11-04","74","H,,S","88",",,S","61",",,S"
"AR000087418","MENDOZA AERO, AR","2019-11-05","71","H,,S","85",",,S","60",",,S"
"AR000087418","MENDOZA AERO, AR","2019-11-06","72","H,,S",,,"55",",,S"
"AR000087418","MENDOZA AERO, AR","2019-11-07","74","H,,S","90",",,S","62",",,S"
"AR000087418","MENDOZA AERO, AR","2019-11-08","78","H,,S",,,"65",",,S"
"AR000087418","MENDOZA AERO, AR","2019-11-09","78","H,,S","90",",,S","67",",,S"
"AR000087418","MENDOZA AERO, AR","2019-11-10","79","H,,S",,,"66",",,S"
"AR000087418","MENDOZA AERO, AR","2019-11-11","80","H,,S","92",",,S","70",",,S"
"AR000087418","MENDOZA AERO, AR","2019-11-12","75","H,,S","90",",,S","68",",,S"
"AR000087418","MENDOZA AERO, AR","2019-11-13","78","H,,S",,,"63",",,S"
"AR000087418","MENDOZA AERO, AR","2019-11-14","79","H,,S","92",",,S","68",",,S"
"AR000087418","MENDOZA AERO, AR","2019-11-15","82","H,,S",,,"69",",,S"
"AR000087418","MENDOZA AERO, AR","2019-11-16","82","H,,S","97",",,S",,
"AR000087418","MENDOZA AERO, AR","2019-11-17","81","H,,S",,,,
"AR000087418","MENDOZA AERO, AR","2019-11-18","79","H,,S","93",",,S","71",",,S"
"AR000087418","MENDOZA AERO, AR","2019-11-19","80","H,,S",,,"67",",,S"
"AR000087418","MENDOZA AERO, AR","2019-11-20","85","H,,S","96",",,S","75",",,S"
"AR000087418","MENDOZA AERO, AR","2019-11-21","82","H,,S","94",",,S","70",",,S"
"AR000087418","MENDOZA AERO, AR","2019-11-22","74","H,,S","94",",,S","70",",,S"
"AR000087418","MENDOZA AERO, AR","2019-11-23","69","H,,S","81",",,S",,
"AR000087418","MENDOZA AERO, AR","2019-11-24","73","H,,S",,,"67",",,S"
"AR000087418","MENDOZA AERO, AR","2019-11-25","70","H,,S","83",",,S","60",",,S"
"AR000087418","MENDOZA AERO, AR","2019-11-26","65","H,,S","78",",,S","53",",,S"
"AR000087418","MENDOZA AERO, AR","2019-11-27","68","H,,S",,,"54",",,S"
"AR000087418","MENDOZA AERO, AR","2019-11-28","76","H,,S",,,"63",",,S"
"AR000087418","MENDOZA AERO, AR","2019-11-29","80","H,,S",,,"68",",,S"
"AR000087418","MENDOZA AERO, AR","2019-11-30","77","H,,S","95",",,S","62",",,S"
"AR000087418","MENDOZA AERO, AR","2019-12-01","77","H,,S",,,"64",",,S"
"AR000087418","MENDOZA AERO, AR","2019-12-02","79","H,,S",,,"65",",,S"
"AR000087418","MENDOZA AERO, AR","2019-12-03","71","H,,S","92",",,S","62",",,S"
"AR000087418","MENDOZA AERO, AR","2019-12-04","69","H,,S","76",",,S","63",",,S"
"AR000087418","MENDOZA AERO, AR","2019-12-05","72","H,,S",,,,
"AR000087418","MENDOZA AERO, AR","2019-12-06","78","H,,S","91",",,S",,
"AR000087418","MENDOZA AERO, AR","2019-12-07","81","H,,S","91",",,S","70",",,S"
"AR000087418","MENDOZA AERO, AR","2019-12-08","78","H,,S","90",",,S","64",",,S"
"AR000087418","MENDOZA AERO, AR","2019-12-09","82","H,,S",,,,
"AR000087418","MENDOZA AERO, AR","2019-12-10","83","H,,S","97",",,S","71",",,S"
"AR000087418","MENDOZA AERO, AR","2019-12-11","85","H,,S","96",",,S","74",",,S"
"AR000087418","MENDOZA AERO, AR","2019-12-12","75","H,,S","96",",,S","64",",,S"
"AR000087418","MENDOZA AERO, AR","2019-12-13","74","H,,S",,,"56",",,S"
"AR000087418","MENDOZA AERO, AR","2019-12-14","79","H,,S","91",",,S","71",",,S"
"AR000087418","MENDOZA AERO, AR","2019-12-15","74","H,,S","88",",,S",,
"AR000087418","MENDOZA AERO, AR","2019-12-16","77","H,,S",,,"62",",,S"
"AR000087418","MENDOZA AERO, AR","2019-12-17","79","H,,S",,,"62",",,S"
"AR000087418","MENDOZA AERO, AR","2019-12-18","82","H,,S","97",",,S",,
"AR000087418","MENDOZA AERO, AR","2019-12-19","85","H,,S","99",",,S","75",",,S"
"AR000087418","MENDOZA AERO, AR","2019-12-20","76","H,,S","95",",,S","65",",,S"
"AR000087418","MENDOZA AERO, AR","2019-12-21","75","H,,S",,,"63",",,S"
"AR000087418","MENDOZA AERO, AR","2019-12-22","79","H,,S",,,"66",",,S"
"AR000087418","MENDOZA AERO, AR","2019-12-23","84","H,,S",,,"66",",,S"
"AR000087418","MENDOZA AERO, AR","2019-12-24","87","H,,S",,,"70",",,S"
"AR000087418","MENDOZA AERO, AR","2019-12-25","70","H,,S",,,"62",",,S"
"AR000087418","MENDOZA AERO, AR","2019-12-26","73","H,,S",,,"61",",,S"
"AR000087418","MENDOZA AERO, AR","2019-12-27","83","H,,S",,,"69",",,S"
"AR000087418","MENDOZA AERO, AR","2019-12-28","85","H,,S","99",",,S","76",",,S"
"AR000087418","MENDOZA AERO, AR","2019-12-29","82","H,,S",,,"69",",,S"
"AR000087418","MENDOZA AERO, AR","2019-12-30","84","H,,S",,,,
"AR000087418","MENDOZA AERO, AR","2019-12-31","86","H,,S","99",",,S","76",",,S"
